1.832709014415740967e-01,2.471506595611572266e-04,2.131213545799255371e-01,-1.999866366386413574e-01,3.233096301555633545e-01,1.134525686502456665e-01,3.969941437244415283e-01,8.286070823669433594e-02,5.709881782531738281e-01,3.100325763225555420e-01,5.658082962036132812e-01,3.076478838920593262e-01,6.662948131561279297e-01,3.630739152431488037e-01,6.112651824951171875e-01,1.214452981948852539e-01,4.827493429183959961e-01,1.042628884315490723e-01,7.103745639324188232e-02,6.942467391490936279e-02,-1.598158180713653564e-01,-2.484368383884429932e-01,-4.015990197658538818e-01,-3.154875636100769043e-01,-8.401877880096435547e-01,-5.186264514923095703e-01,-9.669966697692871094e-01,-6.434265375137329102e-01,-9.499323964118957520e-01,-9.785135984420776367e-01,-9.093904495239257812e-01,-7.082760334014892578e-01,-1.237712025642395020e+00,-5.868503451347351074e-01,-1.147246599197387695e+00,-4.884185791015625000e-01,-8.388564586639404297e-01,-6.225107908248901367e-01,-3.939750790596008301e-01,-2.491859942674636841e-01,-2.352323234081268311e-01,9.839771687984466553e-02,6.132076680660247803e-02,2.158298641443252563e-01,3.073658049106597900e-01,3.106027841567993164e-01,3.921319544315338135e-01,9.764270484447479248e-02,5.354406237602233887e-01,1.014458537101745605e-01,4.653767049312591553e-01,6.627564877271652222e-02,3.079244494438171387e-01,9.439185261726379395e-02,8.028912544250488281e-02,1.063921600580215454e-01,5.403919517993927002e-02,4.132940992712974548e-02,1.068348214030265808e-01,-2.965465486049652100e-01,3.381492495536804199e-01,-1.861782968044281006e-01,2.364582568407058716e-01,-1.468281447887420654e-01,2.832304835319519043e-01,3.941507637500762939e-02,4.008491039276123047e-01,1.636810600757598877e-02,5.664582252502441406e-01,2.337470203638076782e-01,5.092465877532958984e-01,3.476099371910095215e-01,6.671223044395446777e-01,5.454891920089721680e-01,7.811277508735656738e-01,5.882800817489624023e-01,7.521262168884277344e-01,7.776076793670654297e-01,6.046586632728576660e-01,6.532405614852905273e-01,4.806385040283203125e-01,3.877087235450744629e-01,4.877439737319946289e-01,2.111914753913879395e-01,3.391061425209045410e-01,-1.533170640468597412e-01,1.172523126006126404e-01,-4.034989476203918457e-01,-3.035091161727905273e-01,-2.881048917770385742e-01,-6.530809402465820312e-01,-6.742126941680908203e-01,-7.591311931610107422e-01,-5.745483636856079102e-01,-7.514976263046264648e-01,-4.775389432907104492e-01,-5.682104229927062988e-01,-4.118055105209350586e-01,-3.026778697967529297e-01,-8.296981453895568848e-02
-1.327904582023620605e+00,-1.589923739433288574e+00,-1.560663819313049316e+00,-1.588451147079467773e+00,-1.351830005645751953e+00,-1.182909727096557617e+00,-1.357491374015808105e+00,-7.542219758033752441e-01,-8.438473343849182129e-01,-8.044061660766601562e-01,-2.020387351512908936e-01,-4.958553016185760498e-01,-2.663715928792953491e-02,-9.994129836559295654e-02,-6.606996059417724609e-02,2.308110296726226807e-01,1.026437357068061829e-01,2.924765348434448242e-01,1.809375733137130737e-01,3.739488124847412109e-01,1.924684643745422363e-01,2.281295061111450195e-01,3.054662644863128662e-01,4.829157888889312744e-02,2.333705723285675049e-01,7.718235254287719727e-03,-7.514387369155883789e-03,6.178635358810424805e-02,-1.399620920419692993e-01,-7.197049260139465332e-02,-2.484075576066970825e-01,2.182199060916900635e-02,-2.953401207923889160e-01,-2.298101782798767090e-03,-7.326078414916992188e-02,-7.347501814365386963e-02,3.812968730926513672e-03,6.023952364921569824e-02,1.690280437469482422e-02,3.672952055931091309e-01,2.313319295644760132e-01,4.857746064662933350e-01,4.664570987224578857e-01,6.511183977127075195e-01,5.764870643615722656e-01,6.213058233261108398e-01,4.833269417285919189e-01,5.577266216278076172e-01,4.468069672584533691e-01,3.118199706077575684e-01,3.623834252357482910e-01,1.116520166397094727e-01,1.789624392986297607e-01,-1.544729769229888916e-01,-1.527873277664184570e-01,-4.499093890190124512e-01,-3.224087357521057129e-01,-5.298811793327331543e-01,-6.937679052352905273e-01,-6.028456687927246094e-01,-6.865482926368713379e-01,-7.751834392547607422e-01,-6.006462574005126953e-01,-9.211571216583251953e-01,-4.288536608219146729e-01,-7.345944643020629883e-01,-3.675266802310943604e-01,-5.425581932067871094e-01,-1.143376901745796204e-01,-2.467636018991470337e-01,1.432254463434219360e-01,-2.561883032321929932e-01,3.972273468971252441e-01,1.963266581296920776e-01,3.029814958572387695e-01,5.987473726272583008e-01,3.600034415721893311e-01,6.490437388420104980e-01,5.488575100898742676e-01,6.712816953659057617e-01,4.572265148162841797e-01,5.483116507530212402e-01,4.108758568763732910e-01,4.667362570762634277e-01,2.918832302093505859e-01,2.035530209541320801e-01,9.205023944377899170e-02,6.119298189878463745e-02,-1.585590541362762451e-01,-1.567292064428329468e-01,-3.148490190505981445e-01,-3.199953138828277588e-01,-4.400877952575683594e-01,-3.447175621986389160e-01,-4.485663175582885742e-01,-4.503576159477233887e-01,-5.013262629508972168e-01,-3.549064099788665771e-01,-4.497309327125549316e-01,-2.446861118078231812e-01
2.158672809600830078e-01,2.738953828811645508e-01,2.285088896751403809e-01,1.414485722780227661e-01,2.361748814582824707e-01,1.035542264580726624e-01,2.322182804346084595e-01,4.237238168716430664e-01,4.002300798892974854e-01,4.469237923622131348e-01,5.375590324401855469e-01,2.865470945835113525e-01,6.026126742362976074e-01,3.905680179595947266e-01,3.954783082008361816e-01,3.344939351081848145e-01,2.366986274719238281e-01,1.517205089330673218e-01,2.339081838726997375e-02,8.825913071632385254e-03,-3.011393845081329346e-01,-3.779929876327514648e-01,-6.071563959121704102e-01,-3.647732138633728027e-01,-9.261755347251892090e-01,-6.637696027755737305e-01,-9.585976004600524902e-01,-7.813208103179931641e-01,-9.893794655799865723e-01,-9.056434631347656250e-01,-9.865686893463134766e-01,-6.237283945083618164e-01,-9.313275814056396484e-01,-6.048767566680908203e-01,-5.359718799591064453e-01,-6.054625511169433594e-01,-2.672351002693176270e-01,-4.260791242122650146e-01,-2.478235363960266113e-01,-7.801987230777740479e-02,-9.984943270683288574e-02,2.520344555377960205e-01,1.461759209632873535e-01,4.109371006488800049e-01,4.636549055576324463e-01,4.259352087974548340e-01,6.011396646499633789e-01,2.497654259204864502e-01,7.373726367950439453e-01,3.167289495468139648e-01,4.639150500297546387e-01,2.917169928550720215e-01,2.810433506965637207e-01,9.193981438875198364e-02,-2.324552834033966064e-01,2.098880708217620850e-01,-4.171016216278076172e-01,-1.345701068639755249e-01,-3.793877363204956055e-01,-3.529711961746215820e-01,-3.444798588752746582e-01,-3.537424206733703613e-01,-4.414151012897491455e-01,-2.555513679981231689e-01,-2.765106260776519775e-01,-2.317843735218048096e-01,4.390269517898559570e-03,-1.478894352912902832e-01,3.078526854515075684e-01,2.448802255094051361e-02,3.657553195953369141e-01,2.543302476406097412e-01,5.373097658157348633e-01,4.812286496162414551e-01,6.146662831306457520e-01,5.215659737586975098e-01,6.500287652015686035e-01,6.320217251777648926e-01,6.156948804855346680e-01,3.982630670070648193e-01,4.133726954460144043e-01,2.510678470134735107e-01,2.536188364028930664e-01,1.489738672971725464e-01,7.522591948509216309e-02,-1.591911613941192627e-01,-1.489819735288619995e-01,-4.100652933120727539e-01,-4.331754446029663086e-01,-5.450583696365356445e-01,-6.294004321098327637e-01,-6.846667528152465820e-01,-7.419115900993347168e-01,-6.077347993850708008e-01,-6.325509548187255859e-01,-8.462824821472167969e-01,-4.118317365646362305e-01,-6.091307401657104492e-01,-3.829456567764282227e-01,-2.727892994880676270e-01
-6.764665246009826660e-01,-5.442077517509460449e-01,-9.193617105484008789e-01,-2.838356792926788330e-01,-6.665123701095581055e-01,-4.424519836902618408e-01,-1.096441745758056641e-01,-2.735206484794616699e-01,2.521043419837951660e-01,-2.160239033401012421e-02,4.490337967872619629e-01,2.299626320600509644e-01,5.976127982139587402e-01,4.673296213150024414e-01,5.168787240982055664e-01,3.962673544883728027e-01,4.327873587608337402e-01,2.511047124862670898e-01,2.230354398488998413e-01,7.792061567306518555e-02,-1.044813841581344604e-01,-2.912758588790893555e-01,-4.373632073402404785e-01,-2.360973209142684937e-01,-8.262503147125244141e-01,-6.921684741973876953e-01,-9.179672598838806152e-01,-7.974612116813659668e-01,-1.029796123504638672e+00,-1.075800180435180664e+00,-9.108238816261291504e-01,-9.901171326637268066e-01,-1.018849134445190430e+00,-7.959124445915222168e-01,-7.908286452293395996e-01,-9.179619550704956055e-01,-3.235962688922882080e-01,-5.946480631828308105e-01,-2.695515155792236328e-01,-2.301722764968872070e-03,-1.582066267728805542e-01,2.993485033512115479e-01,1.921034455299377441e-01,4.348371028900146484e-01,5.184372067451477051e-01,5.021992325782775879e-01,6.433461308479309082e-01,5.338529348373413086e-01,7.265257835388183594e-01,6.576451659202575684e-01,7.091742753982543945e-01,7.363531589508056641e-01,7.282074689865112305e-01,7.561959624290466309e-01,7.679257988929748535e-01,6.762387752532958984e-01,7.765375375747680664e-01,6.939402818679809570e-01,6.566702127456665039e-01,6.297768354415893555e-01,6.485365629196166992e-01,5.954225063323974609e-01,5.796372890472412109e-01,5.724596977233886719e-01,5.469667911529541016e-01,5.173773765563964844e-01,5.716009140014648438e-01,4.914654195308685303e-01,5.976395606994628906e-01,3.992542326450347900e-01,5.607308149337768555e-01,5.103769898414611816e-01,5.926412343978881836e-01,5.370501279830932617e-01,5.711189508438110352e-01,3.315262794494628906e-01,5.366960763931274414e-01,3.147377371788024902e-01,3.272994756698608398e-01,1.035973355174064636e-01,3.442429751157760620e-02,-9.878195077180862427e-02,-1.657154411077499390e-01,-2.516558766365051270e-01,-3.565936982631683350e-01,-5.583665370941162109e-01,-6.625802516937255859e-01,-7.382679581642150879e-01,-8.821931481361389160e-01,-1.009755730628967285e+00,-1.083687305450439453e+00,-1.057842731475830078e+00,-1.249480247497558594e+00,-1.027161955833435059e+00,-1.154897689819335938e+00,-1.177689671516418457e+00,-8.623950481414794922e-01,-9.285727739334106445e-01,-7.183936238288879395e-01,-4.574083089828491211e-01
-5.036514997482299805e-02,-5.194616317749023438e-02,1.248374283313751221e-01,-3.282367289066314697e-01,3.965964540839195251e-02,-1.292970478534698486e-01,-8.712603151798248291e-02,-1.575165390968322754e-01,5.931775271892547607e-02,4.449722915887832642e-02,1.984466016292572021e-01,-4.297759011387825012e-02,1.246552914381027222e-01,-2.313621342182159424e-02,-4.966032505035400391e-02,6.410548090934753418e-02,-5.311334878206253052e-02,-5.232875794172286987e-02,-1.535098850727081299e-01,-1.246037483215332031e-01,-3.311996459960937500e-01,-2.869495153427124023e-01,-5.719835758209228516e-01,-2.811610698699951172e-01,-6.133365631103515625e-01,-5.947397947311401367e-01,-6.776501536369323730e-01,-6.933376193046569824e-01,-8.653813004493713379e-01,-9.309843778610229492e-01,-9.457156658172607422e-01,-1.071813821792602539e+00,-1.037858843803405762e+00,-1.050166964530944824e+00,-1.179046511650085449e+00,-1.040251374244689941e+00,-1.160669684410095215e+00,-1.085398316383361816e+00,-1.084808111190795898e+00,-9.055459499359130859e-01,-7.789344191551208496e-01,-6.534746885299682617e-01,-5.361949205398559570e-01,-1.818481981754302979e-01,-3.607265651226043701e-01,2.610252052545547485e-02,-1.968989670276641846e-01,2.071774154901504517e-01,2.130169607698917389e-02,4.540679231286048889e-02,3.407544791698455811e-01,-1.313284337520599365e-01,5.153794884681701660e-01,-2.532331645488739014e-02,3.262871503829956055e-01,2.224322259426116943e-01,2.335263341665267944e-01,2.996988296508789062e-01,2.721731066703796387e-01,-1.245782524347305298e-01,4.833334088325500488e-01,1.399677991867065430e-02,4.184330999851226807e-01,1.889693886041641235e-01,4.341499805450439453e-01,3.788003623485565186e-01,6.201242804527282715e-01,2.245604395866394043e-01,9.101324081420898438e-01,5.437163114547729492e-01,9.290256500244140625e-01,6.124109029769897461e-01,1.082994818687438965e+00,8.951550722122192383e-01,9.813391566276550293e-01,1.098608851432800293e+00,8.733438253402709961e-01,1.111552715301513672e+00,7.678644657135009766e-01,1.071015834808349609e+00,7.088510990142822266e-01,7.190244197845458984e-01,8.357164263725280762e-01,3.209459185600280762e-01,6.363168358802795410e-01,5.632908642292022705e-02,1.870672702789306641e-01,1.207297444343566895e-01,-9.116213023662567139e-02,1.023707091808319092e-01,-3.095818459987640381e-01,-2.940512895584106445e-01,-4.469025135040283203e-01,-2.452428191900253296e-01,-4.277809262275695801e-01,-2.653167247772216797e-01,-2.958275079727172852e-01,-2.385359406471252441e-01,-1.578659713268280029e-01,-2.288761734962463379e-02
-1.527015209197998047e+00,-1.700076460838317871e+00,-1.732479572296142578e+00,-1.596842527389526367e+00,-1.538606882095336914e+00,-1.268781185150146484e+00,-1.447654724121093750e+00,-8.231493234634399414e-01,-9.166389107704162598e-01,-7.409176826477050781e-01,-2.789505422115325928e-01,-3.372976481914520264e-01,1.777858883142471313e-01,3.969626501202583313e-02,2.696673274040222168e-01,4.758475720882415771e-01,4.210335612297058105e-01,5.332998037338256836e-01,5.173977017402648926e-01,6.053521037101745605e-01,4.767102003097534180e-01,4.653763771057128906e-01,4.773838818073272705e-01,3.283909857273101807e-01,3.964833915233612061e-01,3.673813939094543457e-01,3.004004657268524170e-01,2.038473784923553467e-01,3.193504512310028076e-01,1.184033006429672241e-01,3.377672433853149414e-01,9.488071314990520477e-03,3.118581175804138184e-01,-5.577376484870910645e-02,3.301430642604827881e-01,-5.393906235694885254e-01,4.467400312423706055e-01,-2.046055048704147339e-01,5.171044170856475830e-02,8.409132063388824463e-02,6.473013758659362793e-02,2.691161334514617920e-01,3.794110715389251709e-01,7.460856437683105469e-02,5.777376294136047363e-01,2.053755819797515869e-01,2.530545294284820557e-01,6.213439702987670898e-01,1.709625422954559326e-01,3.395277857780456543e-01,4.326340556144714355e-01,3.605927526950836182e-02,4.266883730888366699e-01,8.875720947980880737e-02,6.380239874124526978e-02,-1.590409129858016968e-02,5.165167152881622314e-03,-4.381843656301498413e-02,-4.213465750217437744e-01,1.744845807552337646e-01,-4.927203059196472168e-01,-2.180055677890777588e-01,-2.859355509281158447e-01,-9.632804244756698608e-02,-4.261755347251892090e-01,1.020821183919906616e-01,-9.695097804069519043e-02,-3.816837072372436523e-02,3.952698111534118652e-01,1.915818899869918823e-01,5.845478773117065430e-01,6.475835442543029785e-01,7.418518066406250000e-01,8.898611068725585938e-01,8.037030696868896484e-01,1.034966945648193359e+00,8.382578492164611816e-01,9.467875361442565918e-01,7.232811450958251953e-01,9.097427129745483398e-01,5.075690746307373047e-01,5.750824809074401855e-01,4.252699613571166992e-01,3.034359216690063477e-01,2.243508696556091309e-01,-4.384756833314895630e-02,1.436260342597961426e-02,-3.807717561721801758e-01,-3.092343211174011230e-01,-4.559589326381683350e-01,-5.394161939620971680e-01,-7.255730628967285156e-01,-6.646352410316467285e-01,-6.213923692703247070e-01,-7.315577268600463867e-01,-6.281285285949707031e-01,-6.604306697845458984e-01,-5.418962240219116211e-01,-5.242293477058410645e-01,-3.046444058418273926e-01
-1.391550421714782715e+00,-1.659753561019897461e+00,-1.524214625358581543e+00,-1.698793053627014160e+00,-1.055015087127685547e+00,-1.087600708007812500e+00,-1.048753380775451660e+00,-5.474498867988586426e-01,-6.796929240226745605e-01,-4.741846323013305664e-01,-1.297134757041931152e-01,-1.583749055862426758e-01,2.918309569358825684e-01,1.314908862113952637e-01,3.932116329669952393e-01,4.774888157844543457e-01,5.032361149787902832e-01,5.747091770172119141e-01,5.228844881057739258e-01,5.895445346832275391e-01,5.222414135932922363e-01,4.112999737262725830e-01,4.904319345951080322e-01,9.730362892150878906e-02,3.023642897605895996e-01,-3.303197026252746582e-02,-1.830369234085083008e-02,-1.643892079591751099e-01,-2.102258652448654175e-01,-3.558897674083709717e-01,-3.130081892013549805e-01,-3.205893933773040771e-01,-5.256986618041992188e-01,-5.162590146064758301e-01,-2.989487051963806152e-01,-1.064437747001647949e+00,1.203487217426300049e-01,-6.181678175926208496e-01,-5.798333883285522461e-02,-4.805144965648651123e-01,2.929624915122985840e-02,5.817996710538864136e-02,1.033378466963768005e-01,2.185353040695190430e-01,2.663499712944030762e-01,2.082585543394088745e-01,2.528707683086395264e-01,4.538583755493164062e-01,2.072244733572006226e-01,1.904438436031341553e-01,3.884500265121459961e-01,-1.058155670762062073e-01,4.073109626770019531e-01,-1.083902046084403992e-01,1.039550900459289551e-01,-8.886088430881500244e-02,-2.610681205987930298e-02,-1.001798510551452637e-01,-1.615878939628601074e-01,-3.996696472167968750e-01,-1.101815700531005859e-01,-4.153774678707122803e-01,-3.357207775115966797e-01,-5.402035266160964966e-02,-4.802423715591430664e-01,-1.178198531270027161e-01,1.278017461299896240e-02,-3.966337442398071289e-01,5.243059396743774414e-01,-9.224778413772583008e-02,5.504086613655090332e-01,1.237452030181884766e-01,6.987455487251281738e-01,5.005470514297485352e-01,7.067648172378540039e-01,6.277471780776977539e-01,7.863779067993164062e-01,7.767751216888427734e-01,7.413279414176940918e-01,6.847223043441772461e-01,6.111993789672851562e-01,6.287062168121337891e-01,4.394108653068542480e-01,5.805132985115051270e-01,2.372438162565231323e-01,2.491202801465988159e-01,4.517031461000442505e-02,1.059446856379508972e-01,-1.954824626445770264e-01,-1.879417002201080322e-01,-3.206082880496978760e-01,-3.452716767787933350e-01,-4.606595039367675781e-01,-3.378649652004241943e-01,-5.432718992233276367e-01,-4.570174217224121094e-01,-5.337699651718139648e-01,-3.924388885498046875e-01,-4.481596350669860840e-01,-2.634811997413635254e-01
-5.637162923812866211e-01,-4.254061877727508545e-01,-3.976445794105529785e-01,-5.164046287536621094e-01,-2.828972339630126953e-01,-2.542406618595123291e-01,-1.421926617622375488e-01,3.899553418159484863e-02,2.264528870582580566e-01,1.737906634807586670e-01,5.672960281372070312e-01,3.478664755821228027e-01,6.465482711791992188e-01,5.127773880958557129e-01,5.272661447525024414e-01,5.470021367073059082e-01,5.026382207870483398e-01,3.949191868305206299e-01,3.935282826423645020e-01,2.771828770637512207e-01,6.601737439632415771e-02,-1.474250555038452148e-01,-1.392267048358917236e-01,-5.322765111923217773e-01,-4.863332509994506836e-01,-7.575343847274780273e-01,-8.260504007339477539e-01,-8.317028284072875977e-01,-1.132368803024291992e+00,-1.011179447174072266e+00,-1.181435823440551758e+00,-9.432954788208007812e-01,-1.129966855049133301e+00,-1.171753287315368652e+00,-7.236989736557006836e-01,-1.289504647254943848e+00,-3.687733113765716553e-01,-7.843359708786010742e-01,-3.859775066375732422e-01,-5.358680486679077148e-01,-2.455223202705383301e-01,2.112040668725967407e-02,-2.025704532861709595e-01,2.817733883857727051e-01,1.233715713024139404e-01,1.533024609088897705e-01,5.209957957267761230e-01,-4.057380557060241699e-02,7.525122165679931641e-01,1.889265626668930054e-01,4.337074160575866699e-01,4.726449251174926758e-01,2.398087382316589355e-01,4.216986894607543945e-01,-1.911461725831031799e-02,4.006963372230529785e-01,-3.371984884142875671e-02,1.565259397029876709e-01,-1.504466235637664795e-01,2.116384506225585938e-01,-1.505741477012634277e-01,1.411696970462799072e-01,-3.176255524158477783e-02,5.304475128650665283e-02,1.800067424774169922e-01,1.427123993635177612e-01,2.837095558643341064e-01,4.267651736736297607e-01,4.120504856109619141e-01,4.148464202880859375e-01,4.705505371093750000e-01,5.967712402343750000e-01,5.782887935638427734e-01,7.166665792465209961e-01,6.610952615737915039e-01,7.472054958343505859e-01,6.601153612136840820e-01,8.016425371170043945e-01,6.107429265975952148e-01,6.277536749839782715e-01,4.104579091072082520e-01,2.894165813922882080e-01,3.496484458446502686e-01,1.216377168893814087e-01,1.292365938425064087e-01,-1.064742654561996460e-01,-8.096928149461746216e-02,-3.655162155628204346e-01,-2.942557036876678467e-01,-4.151189923286437988e-01,-4.416232407093048096e-01,-7.827554941177368164e-01,-5.052715539932250977e-01,-7.033010721206665039e-01,-5.818581581115722656e-01,-6.072756052017211914e-01,-6.104804277420043945e-01,-4.692836701869964600e-01,-5.420450568199157715e-01,-3.225823640823364258e-01
-1.047026157379150391e+00,-1.256671786308288574e+00,-1.122719526290893555e+00,-1.281822800636291504e+00,-7.291857600212097168e-01,-8.487648963928222656e-01,-5.894867777824401855e-01,-6.043167114257812500e-01,-1.171610802412033081e-01,-3.248823881149291992e-01,1.689438372850418091e-01,-2.289799302816390991e-01,4.113294780254364014e-01,1.276689171791076660e-01,2.188014835119247437e-01,3.915692865848541260e-01,1.921872198581695557e-01,2.829326391220092773e-01,1.893092095851898193e-01,2.783100605010986328e-01,4.471985995769500732e-02,3.582468628883361816e-02,-1.926349252462387085e-01,1.521414369344711304e-01,-4.475772976875305176e-01,-6.372973322868347168e-02,-4.590547084808349609e-01,-1.918862611055374146e-01,-4.717231094837188721e-01,-5.684350132942199707e-01,-5.145800709724426270e-01,-2.565942406654357910e-01,-6.725940704345703125e-01,-2.041360437870025635e-01,-4.281419813632965088e-01,-2.134651988744735718e-01,-2.606787979602813721e-01,3.027556091547012329e-02,9.005069732666015625e-03,1.428377628326416016e-01,2.130368798971176147e-01,3.810833394527435303e-01,2.211723774671554565e-01,7.705216407775878906e-01,2.974064648151397705e-01,4.893004894256591797e-01,5.756034255027770996e-01,4.308038949966430664e-01,4.999438524246215820e-01,4.491855800151824951e-01,5.501735806465148926e-01,2.392091304063796997e-01,4.711593985557556152e-01,2.593090534210205078e-01,3.651675581932067871e-01,1.135843247175216675e-01,2.602147758007049561e-01,5.310769379138946533e-02,1.224495917558670044e-01,-7.118783891201019287e-02,5.496688559651374817e-02,-1.367855966091156006e-01,-1.605331450700759888e-01,-1.617105305194854736e-01,-2.564489245414733887e-01,-3.099905252456665039e-01,-1.914540231227874756e-01,-4.058248400688171387e-01,-2.042255550622940063e-01,-3.939865827560424805e-01,-2.800915241241455078e-01,-3.297728896141052246e-01,-1.824039220809936523e-01,-2.749231755733489990e-01,-7.726823538541793823e-02,-3.222848773002624512e-01,-2.193234860897064209e-02,-2.428880631923675537e-01,-2.693256139755249023e-01,-1.856982409954071045e-01,-3.774443864822387695e-01,-3.461052179336547852e-01,-3.484646975994110107e-01,-3.790504932403564453e-01,-4.209801554679870605e-01,-4.721100628376007080e-01,-6.334067583084106445e-01,-4.372459948062896729e-01,-6.676399707794189453e-01,-5.936244130134582520e-01,-5.932643413543701172e-01,-6.472615003585815430e-01,-4.828253090381622314e-01,-5.722589492797851562e-01,-4.753173291683197021e-01,-3.416112661361694336e-01,-3.445087373256683350e-01,-1.220955848693847656e-01,-1.391979157924652100e-01,5.388525873422622681e-02
-1.240081310272216797e+00,-1.262566685676574707e+00,-1.389634013175964355e+00,-1.189057826995849609e+00,-1.180304050445556641e+00,-1.061964154243469238e+00,-1.033464312553405762e+00,-7.096483707427978516e-01,-7.540042400360107422e-01,-5.600839257240295410e-01,-5.059266090393066406e-01,-3.550891578197479248e-01,-3.299325704574584961e-01,-2.308098524808883667e-01,-2.503398358821868896e-01,-1.554268598556518555e-02,-3.924753144383430481e-02,1.103552132844924927e-01,4.934050887823104858e-02,2.670854926109313965e-01,2.189194858074188232e-01,3.292751908302307129e-01,3.199416697025299072e-01,3.855073153972625732e-01,3.341977298259735107e-01,4.213440120220184326e-01,3.521125912666320801e-01,3.271901905536651611e-01,3.951570391654968262e-01,3.238886296749114990e-01,3.995438814163208008e-01,1.944416910409927368e-01,5.405569076538085938e-01,3.557090163230895996e-01,4.719165861606597900e-01,4.474983811378479004e-01,4.264650344848632812e-01,5.958516001701354980e-01,4.828559160232543945e-01,6.205242276191711426e-01,4.109895825386047363e-01,7.236349582672119141e-01,4.599385261535644531e-01,6.480410099029541016e-01,5.333370566368103027e-01,3.129462301731109619e-01,5.885152816772460938e-01,3.573442697525024414e-01,2.769880592823028564e-01,2.415698915719985962e-01,1.379187703132629395e-01,-6.128204986453056335e-02,-8.712761104106903076e-02,-3.968976736068725586e-01,-3.958623409271240234e-01,-6.506783366203308105e-01,-7.406779527664184570e-01,-8.015839457511901855e-01,-1.019609570503234863e+00,-1.012394785881042480e+00,-1.059345602989196777e+00,-1.206255912780761719e+00,-1.076057910919189453e+00,-1.221741557121276855e+00,-1.047369837760925293e+00,-1.194536924362182617e+00,-1.026471018791198730e+00,-1.025371909141540527e+00,-9.351764321327209473e-01,-7.980052232742309570e-01,-7.055695056915283203e-01,-6.887845396995544434e-01,-5.200467705726623535e-01,-4.427589476108551025e-01,-2.745102047920227051e-01,-4.479505866765975952e-02,-4.361285641789436340e-02,5.361931025981903076e-02,5.363839864730834961e-02,2.391988337039947510e-01,1.010186746716499329e-01,2.269353568553924561e-01,2.095108777284622192e-01,2.033001184463500977e-01,1.860270798206329346e-01,1.575790941715240479e-01,9.883075207471847534e-02,9.574308991432189941e-02,4.583564400672912598e-02,1.238882094621658325e-01,1.034771576523780823e-01,5.165527015924453735e-02,8.139067143201828003e-02,2.116728872060775757e-01,-2.453416585922241211e-02,3.180077970027923584e-01,8.021387457847595215e-02,3.688219189643859863e-01,4.590874910354614258e-01,5.394011735916137695e-01
-6.549581289291381836e-01,-5.741807818412780762e-01,-4.881379008293151855e-01,-5.108332037925720215e-01,-2.222670316696166992e-01,-1.124425530433654785e-01,-4.421899467706680298e-02,4.201142117381095886e-02,3.235963284969329834e-01,1.809848845005035400e-01,4.525543451309204102e-01,7.338205575942993164e-01,4.833400249481201172e-01,6.989258527755737305e-01,4.785171449184417725e-01,7.242251634597778320e-01,4.427407979965209961e-01,5.199573040008544922e-01,3.581141531467437744e-01,4.207352697849273682e-01,2.042565494775772095e-01,1.236369013786315918e-01,5.043570697307586670e-02,6.095334887504577637e-03,-3.145343065261840820e-01,-2.148054242134094238e-01,-6.535881757736206055e-01,-1.828261911869049072e-01,-7.903552055358886719e-01,-7.810344696044921875e-01,-6.482810974121093750e-01,-8.597463369369506836e-01,-9.046024680137634277e-01,-9.184592962265014648e-01,-8.253624439239501953e-01,-1.117831826210021973e+00,-4.801836013793945312e-01,-7.459555864334106445e-01,-2.749896943569183350e-01,-5.834943056106567383e-01,-2.606855928897857666e-01,-5.788200348615646362e-02,-2.465048730373382568e-01,2.095678448677062988e-02,-4.853583872318267822e-03,-1.181132197380065918e-01,2.622353732585906982e-01,-5.180089548230171204e-02,3.262582123279571533e-01,2.411536276340484619e-01,4.455855190753936768e-01,3.902367353439331055e-01,4.193539917469024658e-01,5.633243322372436523e-01,3.314786851406097412e-01,7.796630859375000000e-01,3.125028908252716064e-01,5.449759364128112793e-01,5.383447408676147461e-01,4.343633651733398438e-01,4.885606169700622559e-01,4.992237091064453125e-01,2.110024094581604004e-01,5.546184778213500977e-01,1.673010438680648804e-01,3.116341829299926758e-01,4.326699972152709961e-01,9.576412290334701538e-02,3.787695169448852539e-01,6.651838868856430054e-02,-4.223561286926269531e-02,2.224911451339721680e-01,-1.894032359123229980e-01,7.656657695770263672e-02,-2.005817443132400513e-01,-1.621435284614562988e-01,-2.243552058935165405e-01,-4.491222798824310303e-01,-4.476479291915893555e-01,-3.814760446548461914e-01,-5.871689915657043457e-01,-5.349695682525634766e-01,-6.980133652687072754e-01,-6.484650373458862305e-01,-8.151193857192993164e-01,-8.157944679260253906e-01,-9.168024063110351562e-01,-8.704873323440551758e-01,-9.315572977066040039e-01,-9.779148101806640625e-01,-9.931137561798095703e-01,-7.778717279434204102e-01,-9.286670088768005371e-01,-5.990661382675170898e-01,-8.357084989547729492e-01,-4.614682197570800781e-01,-4.374492764472961426e-01,-2.304538637399673462e-01,-7.435642182826995850e-03,2.098665386438369751e-01
2.231268882751464844e-01,3.701465129852294922e-01,5.039038062095642090e-01,3.280933797359466553e-01,6.266749501228332520e-01,6.059210300445556641e-01,4.689807891845703125e-01,6.665891408920288086e-01,5.622107982635498047e-01,6.066025495529174805e-01,7.007436156272888184e-01,5.349965095520019531e-01,5.340511202812194824e-01,4.255535006523132324e-01,3.880198597908020020e-01,2.824671268463134766e-01,3.986006975173950195e-01,2.763485312461853027e-01,1.416314691305160522e-01,2.459032237529754639e-01,5.977752804756164551e-02,1.875678300857543945e-01,-6.911176443099975586e-02,1.837257593870162964e-01,-1.704541444778442383e-01,9.397536516189575195e-03,-2.513428628444671631e-01,-5.613237619400024414e-02,-3.888380825519561768e-01,-2.880884706974029541e-01,-5.873904824256896973e-01,-2.414542436599731445e-01,-6.218584775924682617e-01,-3.978697061538696289e-01,-5.203678011894226074e-01,-4.476135969161987305e-01,-5.307532548904418945e-01,-4.070910811424255371e-01,-4.453282952308654785e-01,-3.613303899765014648e-01,-4.003219008445739746e-01,-2.869110107421875000e-01,-3.420105874538421631e-01,-2.364026308059692383e-01,-3.090282976627349854e-01,-2.352555692195892334e-01,-2.889310717582702637e-01,-2.939042448997497559e-01,-2.534950077533721924e-01,-3.287858366966247559e-01,-2.742540538311004639e-01,-2.927235960960388184e-01,-3.621889650821685791e-01,-3.351638019084930420e-01,-2.454338371753692627e-01,-4.290812611579895020e-01,-1.987305283546447754e-02,-4.033283591270446777e-01,1.570771634578704834e-01,-7.186526060104370117e-01,1.881527453660964966e-01,-2.227707505226135254e-01,-2.051237225532531738e-01,-1.220786496996879578e-01,-1.947012543678283691e-02,-2.239272445440292358e-01,5.115597844123840332e-01,-2.132356613874435425e-01,3.906305432319641113e-01,1.705956757068634033e-01,2.543412446975708008e-01,1.909764707088470459e-01,5.920787453651428223e-01,5.041509270668029785e-01,7.415149211883544922e-01,6.403836011886596680e-01,7.336104512214660645e-01,6.753658056259155273e-01,6.778036355972290039e-01,6.316497325897216797e-01,5.473383665084838867e-01,5.526508092880249023e-01,2.770070731639862061e-01,5.630327463150024414e-01,6.936638802289962769e-02,1.584825217723846436e-01,-2.527967467904090881e-02,-1.028847545385360718e-01,-2.856964468955993652e-01,-2.457004934549331665e-01,-5.250632762908935547e-01,-3.515450060367584229e-01,-6.069824695587158203e-01,-4.117811322212219238e-01,-5.855268239974975586e-01,-4.191100299358367920e-01,-5.010576248168945312e-01,-3.392209410667419434e-01,-3.599575757980346680e-01,-1.710894852876663208e-01
2.014070451259613037e-01,2.047632932662963867e-01,4.347425401210784912e-01,-2.618870735168457031e-01,4.279062151908874512e-01,2.816991806030273438e-01,4.085288047790527344e-01,5.268663167953491211e-01,7.002340555191040039e-01,6.832159757614135742e-01,8.958639502525329590e-01,9.763592481613159180e-01,8.534461855888366699e-01,8.846769332885742188e-01,7.722581624984741211e-01,7.985333204269409180e-01,6.786634922027587891e-01,6.088141798973083496e-01,4.379280805587768555e-01,4.486852586269378662e-01,8.760750293731689453e-02,-4.410968348383903503e-02,-1.452038288116455078e-01,-2.720530629158020020e-01,-5.444781184196472168e-01,-6.848633289337158203e-01,-6.726922988891601562e-01,-1.079027056694030762e+00,-8.790343999862670898e-01,-1.241149783134460449e+00,-1.093754410743713379e+00,-1.217394351959228516e+00,-1.280453562736511230e+00,-1.305587768554687500e+00,-1.175714254379272461e+00,-1.413566470146179199e+00,-9.160191416740417480e-01,-1.164347410202026367e+00,-8.557720184326171875e-01,-8.928960561752319336e-01,-6.329345107078552246e-01,-4.442594349384307861e-01,-2.463560998439788818e-01,-5.005413889884948730e-01,2.425813823938369751e-01,-2.007322162389755249e-01,1.488455086946487427e-01,2.392006106674671173e-02,2.110580503940582275e-01,1.825733035802841187e-01,3.503687083721160889e-01,2.524656653404235840e-01,3.733164072036743164e-01,3.506374955177307129e-01,2.916809320449829102e-01,1.948516070842742920e-01,4.714021980762481689e-01,2.104077190160751343e-01,3.407340645790100098e-01,3.354838788509368896e-01,3.915449976921081543e-01,3.538698256015777588e-01,4.338990747928619385e-01,3.744006454944610596e-01,5.649805068969726562e-01,5.988678336143493652e-01,7.072039246559143066e-01,6.183729171752929688e-01,8.878042101860046387e-01,7.659074664115905762e-01,9.310206770896911621e-01,9.556066393852233887e-01,1.049428701400756836e+00,1.015132188796997070e+00,1.175961971282958984e+00,1.067237615585327148e+00,1.105837345123291016e+00,1.080497145652770996e+00,7.868983745574951172e-01,9.737178087234497070e-01,5.618281364440917969e-01,4.902541637420654297e-01,6.295507550239562988e-01,9.247000515460968018e-02,2.044592052698135376e-01,-6.173489987850189209e-02,-2.328201234340667725e-01,-4.057962000370025635e-01,-4.018876552581787109e-01,-6.828334927558898926e-01,-5.827988386154174805e-01,-8.260082006454467773e-01,-8.375355005264282227e-01,-7.094819545745849609e-01,-8.371719121932983398e-01,-8.853106498718261719e-01,-7.908090353012084961e-01,-7.306203842163085938e-01,-7.412422895431518555e-01,-4.799345135688781738e-01
-1.326988816261291504e+00,-1.636062145233154297e+00,-1.468704462051391602e+00,-1.714462041854858398e+00,-1.181977868080139160e+00,-1.359530925750732422e+00,-1.072854876518249512e+00,-1.096526980400085449e+00,-7.454572916030883789e-01,-6.501204967498779297e-01,-5.648565888404846191e-01,-4.031798839569091797e-01,-8.122577518224716187e-02,-1.073227971792221069e-01,1.355966329574584961e-01,2.853902578353881836e-01,1.203220337629318237e-01,1.666292101144790649e-01,1.798694729804992676e-01,2.938270568847656250e-01,1.955452561378479004e-02,1.528476178646087646e-02,-1.731019765138626099e-01,1.792005151510238647e-01,-3.814590573310852051e-01,3.069040179252624512e-02,-5.356618762016296387e-01,-4.607406258583068848e-02,-6.491032838821411133e-01,-2.851251065731048584e-01,-8.035768866539001465e-01,1.197944656014442444e-01,-7.365046143531799316e-01,-4.875257313251495361e-01,-2.061469554901123047e-01,-3.650109171867370605e-01,-3.202620148658752441e-01,-2.700316905975341797e-02,-3.767709434032440186e-01,3.489126265048980713e-01,-2.401619851589202881e-01,3.102605342864990234e-01,1.821526437997817993e-01,2.604812085628509521e-01,4.323455393314361572e-01,2.769901752471923828e-01,5.615798830986022949e-01,4.459617733955383301e-01,7.099068164825439453e-01,5.000130534172058105e-01,8.268344402313232422e-01,4.386233985424041748e-01,7.460020184516906738e-01,5.764005184173583984e-01,6.377921104431152344e-01,3.434356451034545898e-01,6.875572204589843750e-01,3.645399212837219238e-01,5.835517644882202148e-01,2.952910661697387695e-01,4.966094493865966797e-01,4.024174213409423828e-01,3.684760928153991699e-01,2.999459803104400635e-01,3.662757873535156250e-01,3.771366477012634277e-01,3.717688024044036865e-01,5.402540564537048340e-01,4.619121551513671875e-01,3.231391906738281250e-01,6.387891769409179688e-01,3.691807687282562256e-01,6.362976431846618652e-01,5.438196063041687012e-01,4.275486171245574951e-01,5.308210849761962891e-01,3.955953121185302734e-01,5.500267148017883301e-01,3.159547448158264160e-01,3.621668219566345215e-01,4.183563590049743652e-02,3.619509935379028320e-02,-6.983350217342376709e-02,-9.182836115360260010e-02,-1.781689971685409546e-01,-5.952620506286621094e-01,-3.680496513843536377e-01,-8.067859411239624023e-01,-7.390226125717163086e-01,-7.882923483848571777e-01,-1.050166726112365723e+00,-1.134855985641479492e+00,-1.165537714958190918e+00,-1.015490651130676270e+00,-1.276245355606079102e+00,-9.282081127166748047e-01,-1.030645966529846191e+00,-8.240253925323486328e-01,-6.202424168586730957e-01,-2.859236299991607666e-01
-4.270597100257873535e-01,-6.071642041206359863e-01,-7.057828903198242188e-01,-5.155286192893981934e-01,-6.267420053482055664e-01,-5.031802654266357422e-01,-3.993729352951049805e-01,-2.958995401859283447e-01,-6.258186697959899902e-02,-1.080284714698791504e-01,1.394764035940170288e-01,7.335767149925231934e-02,2.554518878459930420e-01,3.019992411136627197e-01,2.154386788606643677e-01,4.005535542964935303e-01,3.145387470722198486e-01,1.530163586139678955e-01,4.451186954975128174e-01,-9.774641692638397217e-02,1.482695639133453369e-01,-2.702227234840393066e-01,-9.720534831285476685e-02,-4.894291758537292480e-01,-3.516678810119628906e-01,-5.928733348846435547e-01,-6.636172533035278320e-01,-6.349065899848937988e-01,-8.736905455589294434e-01,-7.557013630867004395e-01,-9.364255666732788086e-01,-6.219003200531005859e-01,-9.094218015670776367e-01,-7.818012833595275879e-01,-4.207870364189147949e-01,-9.121103882789611816e-01,-1.407475769519805908e-01,-5.360780954360961914e-01,-3.229545354843139648e-01,-2.040676474571228027e-01,-1.607156246900558472e-01,1.254340410232543945e-01,-1.821548193693161011e-01,6.677280664443969727e-01,-5.189740657806396484e-02,4.846826791763305664e-01,2.716538906097412109e-01,1.976938843727111816e-01,4.643546044826507568e-01,1.523942500352859497e-01,3.664855957031250000e-01,2.344612032175064087e-01,2.018750011920928955e-01,3.585144877433776855e-04,-2.940100729465484619e-01,1.523068547248840332e-01,-5.660117864608764648e-01,-1.996170580387115479e-01,-7.018907070159912109e-01,-4.393857419490814209e-01,-6.857719421386718750e-01,-6.110506057739257812e-01,-8.556901216506958008e-01,-3.953138887882232666e-01,-8.463401794433593750e-01,-5.781112909317016602e-01,-6.415226459503173828e-01,-4.245324134826660156e-01,-4.052262902259826660e-01,-5.047988295555114746e-01,-2.688651978969573975e-01,-1.259667277336120605e-01,-2.216938138008117676e-01,1.969296038150787354e-01,5.851367115974426270e-02,7.738128304481506348e-02,3.192501366138458252e-01,3.509214818477630615e-01,3.323853015899658203e-01,4.172199368476867676e-01,2.817941606044769287e-01,2.363838553428649902e-01,3.241102397441864014e-01,2.903897762298583984e-01,2.438748627901077271e-01,1.120065450668334961e-01,1.136629283428192139e-01,-1.884884536266326904e-01,-6.318800151348114014e-02,-2.442935407161712646e-01,-1.658064872026443481e-01,-5.073661208152770996e-01,-2.483163177967071533e-01,-3.524714708328247070e-01,-2.511173486709594727e-01,-5.139310359954833984e-01,-2.137185633182525635e-01,-3.675815463066101074e-01,-2.622785568237304688e-01,-2.004228532314300537e-01
-8.366052806377410889e-02,-1.596544981002807617e-01,-1.422203183174133301e-01,-4.194014668464660645e-01,-3.497352004051208496e-01,-4.374235272407531738e-01,-4.720776379108428955e-01,-4.027155935764312744e-01,-3.671472072601318359e-01,-2.763538956642150879e-01,-2.726686000823974609e-01,-2.511980235576629639e-01,-3.010050058364868164e-01,-2.091254740953445435e-01,-3.135480582714080811e-01,-1.978328824043273926e-01,-2.569790780544281006e-01,-3.262868523597717285e-01,-2.759636640548706055e-01,-3.115310966968536377e-01,-3.886490762233734131e-01,-4.144699275493621826e-01,-4.901763796806335449e-01,-4.089069664478302002e-01,-4.921736419200897217e-01,-5.569087266921997070e-01,-5.524701476097106934e-01,-5.684629082679748535e-01,-7.743749618530273438e-01,-5.100924968719482422e-01,-8.316003084182739258e-01,-4.504426121711730957e-01,-5.759868621826171875e-01,-5.879729986190795898e-01,-4.896552860736846924e-02,-7.649791240692138672e-01,2.156476974487304688e-01,-3.395828008651733398e-01,1.462760567665100098e-02,-2.019705623388290405e-01,3.396817445755004883e-01,2.185865938663482666e-01,6.047603487968444824e-01,3.014069795608520508e-01,7.593541145324707031e-01,4.538995623588562012e-01,7.853775620460510254e-01,2.316059321165084839e-01,1.018062591552734375e+00,3.783747255802154541e-01,7.853101491928100586e-01,1.965078711509704590e-01,7.490236759185791016e-01,1.663458943367004395e-01,2.848766744136810303e-01,3.092526197433471680e-01,1.355136930942535400e-01,2.533720731735229492e-01,1.521431803703308105e-01,1.184859871864318848e-02,2.420474439859390259e-01,1.154480129480361938e-01,3.026891946792602539e-01,-1.313715875148773193e-01,6.042578220367431641e-01,8.073814958333969116e-02,5.034181475639343262e-01,4.765313267707824707e-01,4.517411589622497559e-01,6.205662488937377930e-01,4.333805739879608154e-01,7.644786834716796875e-01,6.037521362304687500e-01,7.167075276374816895e-01,8.538557887077331543e-01,6.951302886009216309e-01,7.834722399711608887e-01,7.362897992134094238e-01,6.842250823974609375e-01,5.515612363815307617e-01,5.582568645477294922e-01,4.542827606201171875e-01,4.299226999282836914e-01,2.408144474029541016e-01,2.481292337179183960e-01,-3.838099539279937744e-03,2.338997460901737213e-02,-1.715759932994842529e-01,-2.254104912281036377e-01,-3.021303415298461914e-01,-2.939261198043823242e-01,-6.221193671226501465e-01,-3.643399775028228760e-01,-5.326379537582397461e-01,-4.688525199890136719e-01,-5.294149518013000488e-01,-5.080308914184570312e-01,-4.090945422649383545e-01,-4.689750373363494873e-01,-2.947261929512023926e-01
-4.477662146091461182e-01,-1.035099744796752930e+00,-8.180818557739257812e-01,-1.123465776443481445e+00,-5.369868278503417969e-01,-7.403512597084045410e-01,-4.149496555328369141e-01,-7.130336761474609375e-01,-9.486415982246398926e-02,-3.257646858692169189e-01,-3.128859400749206543e-02,-7.848685979843139648e-02,2.315509319305419922e-01,1.443141549825668335e-01,2.597773671150207520e-01,4.473342299461364746e-01,2.686155140399932861e-01,4.266882538795471191e-01,3.107896149158477783e-01,3.599090278148651123e-01,2.352053970098495483e-01,2.195937633514404297e-01,1.095422804355621338e-01,2.209601104259490967e-01,-9.475632011890411377e-02,-9.684929251670837402e-02,-2.556151449680328369e-01,-7.440009713172912598e-02,-3.740275204181671143e-01,-3.817895054817199707e-01,-2.887398004531860352e-01,-3.539175987243652344e-01,-3.720090985298156738e-01,-2.612750530242919922e-01,-9.567585587501525879e-02,-6.229416728019714355e-01,1.816651076078414917e-01,-2.024211138486862183e-01,-9.450793266296386719e-03,2.188182175159454346e-01,1.113839149475097656e-01,3.961833715438842773e-01,3.254842758178710938e-01,6.383420228958129883e-01,4.893042743206024170e-01,4.994438290596008301e-01,5.239894986152648926e-01,4.587306380271911621e-01,4.811455011367797852e-01,4.270917177200317383e-01,4.229458570480346680e-01,1.587669551372528076e-01,2.957160770893096924e-01,1.667993068695068359e-01,-3.636657297611236572e-01,2.476050704717636108e-01,-5.062419772148132324e-01,-3.365022838115692139e-01,-4.692296087741851807e-01,-3.504264950752258301e-01,-6.732932925224304199e-01,-3.998203277587890625e-01,-7.390236854553222656e-01,-4.876309633255004883e-01,-5.006717443466186523e-01,-5.557022094726562500e-01,-2.341431975364685059e-01,-4.564347863197326660e-01,-1.196128726005554199e-01,-2.555624246597290039e-01,-3.295898437500000000e-02,-1.539661586284637451e-01,1.272110641002655029e-01,6.640262901782989502e-02,2.603582143783569336e-01,2.049832940101623535e-01,3.677796125411987305e-01,3.535678088665008545e-01,4.361577630043029785e-01,2.130551338195800781e-01,3.353330492973327637e-01,2.228641062974929810e-01,2.962237596511840820e-01,1.579442024230957031e-01,2.557729780673980713e-01,4.902106150984764099e-02,1.587841212749481201e-01,-9.259499609470367432e-02,1.101147010922431946e-02,-9.378431737422943115e-02,-5.723232775926589966e-02,-2.475142478942871094e-01,-1.434141844511032104e-01,-9.937410056591033936e-02,-2.075200676918029785e-01,-4.347355663776397705e-02,-1.434525847434997559e-01,3.000395372509956360e-02,5.396457761526107788e-02,1.367174834012985229e-01
3.719922602176666260e-01,1.325395852327346802e-01,4.060810506343841553e-01,-1.273727118968963623e-01,4.439879655838012695e-01,3.204867243766784668e-01,4.267903268337249756e-01,4.301528334617614746e-01,7.435618638992309570e-01,5.797051191329956055e-01,8.401472568511962891e-01,7.098916769027709961e-01,7.750182151794433594e-01,7.125014662742614746e-01,6.553382277488708496e-01,7.060859203338623047e-01,5.265378952026367188e-01,5.213776826858520508e-01,2.169867455959320068e-01,4.955700039863586426e-01,1.116243004798889160e-02,-1.012721657752990723e-02,-5.848047137260437012e-02,-1.863585561513900757e-01,-4.416887164115905762e-01,-4.014082551002502441e-01,-6.373468041419982910e-01,-6.853469610214233398e-01,-6.695855855941772461e-01,-1.010187625885009766e+00,-8.456697463989257812e-01,-1.048274040222167969e+00,-1.236414670944213867e+00,-1.215244531631469727e+00,-1.448795914649963379e+00,-1.289769411087036133e+00,-1.378719806671142578e+00,-1.221661329269409180e+00,-1.327749729156494141e+00,-8.311991691589355469e-01,-1.073672056198120117e+00,-8.267370462417602539e-01,-5.612356066703796387e-01,-6.809683442115783691e-01,-1.708943992853164673e-01,-3.073401749134063721e-01,-9.631672501564025879e-02,8.624765276908874512e-02,1.133229359984397888e-01,3.425762653350830078e-01,4.903734326362609863e-01,4.009211957454681396e-01,7.178108096122741699e-01,6.145633459091186523e-01,7.414841651916503906e-01,8.534238338470458984e-01,8.764529824256896973e-01,8.847190141677856445e-01,1.130355477333068848e+00,6.173238754272460938e-01,1.271184921264648438e+00,7.550795078277587891e-01,1.028404355049133301e+00,8.203126192092895508e-01,9.671199917793273926e-01,8.825433254241943359e-01,8.900163173675537109e-01,6.123679280281066895e-01,7.842421531677246094e-01,6.505770683288574219e-01,5.075910091400146484e-01,4.445757567882537842e-01,3.682629466056823730e-01,3.210003376007080078e-01,1.611951291561126709e-01,2.131367027759552002e-01,1.951858401298522949e-02,-1.067452728748321533e-01,-3.028734326362609863e-01,-2.187592089176177979e-01,-5.760555267333984375e-01,-3.939744830131530762e-01,-6.966828703880310059e-01,-7.345449328422546387e-01,-7.383108139038085938e-01,-9.029208421707153320e-01,-8.557331562042236328e-01,-8.663671016693115234e-01,-8.521940708160400391e-01,-8.542971014976501465e-01,-9.376068711280822754e-01,-5.885236859321594238e-01,-8.571988344192504883e-01,-4.647529721260070801e-01,-7.729040384292602539e-01,-4.089866280555725098e-01,-3.553605973720550537e-01,-1.805264651775360107e-01,1.254333853721618652e-01,3.343622684478759766e-01
-1.626045584678649902e+00,-1.923785924911499023e+00,-1.858211874961853027e+00,-1.882417440414428711e+00,-1.422239303588867188e+00,-1.409390687942504883e+00,-1.282225012779235840e+00,-1.048411369323730469e+00,-8.140279650688171387e-01,-8.296778798103332520e-01,-3.901908397674560547e-01,-4.658893346786499023e-01,-6.444206833839416504e-02,-4.242611303925514221e-02,1.759054884314537048e-02,2.216252088546752930e-01,3.055828809738159180e-01,4.236385226249694824e-01,4.945582747459411621e-01,4.964554309844970703e-01,5.821136832237243652e-01,4.657990634441375732e-01,5.811976790428161621e-01,5.114337801933288574e-01,5.526856184005737305e-01,4.248038232326507568e-01,6.000695228576660156e-01,2.027349323034286499e-01,4.890625178813934326e-01,3.338485956192016602e-01,3.488723337650299072e-01,7.943451404571533203e-02,5.820671319961547852e-01,2.010467648506164551e-01,7.347796559333801270e-01,-7.268530130386352539e-02,7.684347033500671387e-01,3.356769382953643799e-01,6.214504241943359375e-01,3.712553679943084717e-01,7.840299606323242188e-01,3.881374597549438477e-01,8.106783032417297363e-01,2.850884199142456055e-01,6.335631012916564941e-01,3.765768408775329590e-01,3.072021603584289551e-01,1.266708076000213623e-01,2.359501719474792480e-01,7.523225247859954834e-02,1.824426949024200439e-01,-1.215599104762077332e-01,6.273370981216430664e-02,-3.797103464603424072e-01,-2.094552814960479736e-01,-3.498591780662536621e-01,-5.101349353790283203e-01,-4.946531057357788086e-01,-6.363343000411987305e-01,-4.606173336505889893e-01,-7.446604967117309570e-01,-5.391553640365600586e-01,-5.697598457336425781e-01,-8.655631542205810547e-01,-2.281018793582916260e-01,-5.711250305175781250e-01,-7.726483047008514404e-02,-1.316005587577819824e-01,1.244764477014541626e-01,1.014332622289657593e-01,1.579013466835021973e-01,5.451606512069702148e-01,3.421298563480377197e-01,7.149396538734436035e-01,6.312738656997680664e-01,6.878723502159118652e-01,8.000969290733337402e-01,7.298565506935119629e-01,8.499937653541564941e-01,6.376179456710815430e-01,6.430348157882690430e-01,3.768152594566345215e-01,4.669171571731567383e-01,2.301873564720153809e-01,2.816583812236785889e-01,-1.067814305424690247e-01,-3.713372349739074707e-02,-3.971661925315856934e-01,-3.763227760791778564e-01,-4.694761931896209717e-01,-5.945626497268676758e-01,-9.895870685577392578e-01,-7.764704227447509766e-01,-8.678069114685058594e-01,-9.022265076637268066e-01,-7.602443099021911621e-01,-8.136052489280700684e-01,-6.526148319244384766e-01,-6.011047363281250000e-01,-3.537500500679016113e-01
3.314045071601867676e-01,4.637790024280548096e-01,7.409117221832275391e-01,1.949409842491149902e-01,9.943439960479736328e-01,5.456020832061767578e-01,9.903192520141601562e-01,4.529191851615905762e-01,1.140578150749206543e+00,7.380291819572448730e-01,1.011639237403869629e+00,4.817242026329040527e-01,9.956630468368530273e-01,5.406406521797180176e-01,6.664654016494750977e-01,4.695987105369567871e-01,3.729265928268432617e-01,2.238100171089172363e-01,6.996137648820877075e-02,9.257560968399047852e-02,-2.275354713201522827e-01,-2.251283377408981323e-01,-5.014250278472900391e-01,-5.131677985191345215e-01,-8.557540178298950195e-01,-8.383120298385620117e-01,-1.201094746589660645e+00,-6.844757795333862305e-01,-1.354801177978515625e+00,-1.012941122055053711e+00,-1.202094435691833496e+00,-9.010236859321594238e-01,-1.156330823898315430e+00,-7.781901955604553223e-01,-6.444138884544372559e-01,-8.264816999435424805e-01,-9.533487260341644287e-02,-3.894762396812438965e-01,8.276775479316711426e-03,-3.180502355098724365e-02,2.067079842090606689e-01,3.879770636558532715e-01,3.454104363918304443e-01,5.834041833877563477e-01,6.020693778991699219e-01,6.463116407394409180e-01,5.980786085128784180e-01,6.155763268470764160e-01,6.155396103858947754e-01,4.847583174705505371e-01,4.772809743881225586e-01,4.246065318584442139e-01,2.177933603525161743e-01,2.557384371757507324e-01,-3.956009745597839355e-01,4.066354036331176758e-01,-5.916529893875122070e-01,-9.363744407892227173e-02,-6.502876281738281250e-01,-1.521590948104858398e-01,-6.557564139366149902e-01,-4.389207959175109863e-01,-8.085262775421142578e-01,-2.438094168901443481e-01,-7.981261014938354492e-01,-3.581150174140930176e-01,-6.812557578086853027e-01,-2.082358598709106445e-01,-5.285649299621582031e-01,-2.238097786903381348e-01,-4.380332827568054199e-01,1.258727759122848511e-01,-3.048716485500335693e-01,1.795155405998229980e-01,7.593455910682678223e-02,3.594904243946075439e-01,2.931756377220153809e-01,3.355105221271514893e-01,3.483455777168273926e-01,3.940076828002929688e-01,3.127746284008026123e-01,2.377365082502365112e-01,4.535449147224426270e-01,5.378030240535736084e-02,3.078876137733459473e-01,1.212567761540412903e-01,4.502048343420028687e-02,-2.514665722846984863e-01,-1.163648441433906555e-02,-3.307010531425476074e-01,-8.916959166526794434e-02,-4.068699479103088379e-01,-2.034236937761306763e-01,-3.353656530380249023e-01,-1.386487334966659546e-01,-3.808748424053192139e-01,-1.386326253414154053e-01,-1.480511426925659180e-01,-1.717548221349716187e-01,-7.286815345287322998e-02
