-3.668141067028045654e-01,-1.389698982238769531e-01,-6.426492333412170410e-02,-2.399308085441589355e-01,2.421944737434387207e-01,9.306821227073669434e-02,3.779993653297424316e-01,3.346692919731140137e-01,5.928288698196411133e-01,4.609171748161315918e-01,7.852642536163330078e-01,5.827354192733764648e-01,8.034270405769348145e-01,6.861639022827148438e-01,6.519620418548583984e-01,5.708788633346557617e-01,5.384301543235778809e-01,3.422201275825500488e-01,3.082663118839263916e-01,1.663639545440673828e-01,-2.916933968663215637e-02,-1.140339970588684082e-01,-3.767471611499786377e-01,-2.333461940288543701e-01,-7.171113491058349609e-01,-5.990595817565917969e-01,-8.791146278381347656e-01,-8.113530278205871582e-01,-1.161548733711242676e+00,-1.232388257980346680e+00,-1.299459099769592285e+00,-1.079955697059631348e+00,-1.505554795265197754e+00,-1.404881238937377930e+00,-1.301247835159301758e+00,-1.526719570159912109e+00,-1.073053359985351562e+00,-1.176557898521423340e+00,-9.287738204002380371e-01,-1.124297261238098145e+00,-5.512886047363281250e-01,-5.395694971084594727e-01,-3.127157092094421387e-01,-3.951099514961242676e-01,2.225787565112113953e-02,-1.185779646039009094e-01,1.726908087730407715e-01,1.030564084649085999e-01,3.918172419071197510e-01,3.763850331306457520e-01,5.387490987777709961e-01,5.410408973693847656e-01,6.376786231994628906e-01,8.024814128875732422e-01,5.980109572410583496e-01,9.566497802734375000e-01,6.332618594169616699e-01,9.041948318481445312e-01,6.127166152000427246e-01,1.099154949188232422e+00,6.248331069946289062e-01,8.927853107452392578e-01,7.716430425643920898e-01,9.203866720199584961e-01,7.659567594528198242e-01,9.117673635482788086e-01,6.842050552368164062e-01,1.018155694007873535e+00,6.939177513122558594e-01,9.282585382461547852e-01,8.837912082672119141e-01,9.298429489135742188e-01,9.489896297454833984e-01,9.816815257072448730e-01,7.904059886932373047e-01,1.018728733062744141e+00,6.658197045326232910e-01,6.773406267166137695e-01,5.401909351348876953e-01,5.682930946350097656e-01,2.754680216312408447e-01,2.164784222841262817e-01,7.435090094804763794e-02,-1.492751240730285645e-01,-1.917559802532196045e-01,-4.434574544429779053e-01,-5.785391330718994141e-01,-7.755721211433410645e-01,-8.578231930732727051e-01,-9.827206134796142578e-01,-1.149998068809509277e+00,-1.053009033203125000e+00,-1.337955355644226074e+00,-1.107575416564941406e+00,-1.285232305526733398e+00,-1.127417683601379395e+00,-1.001828908920288086e+00,-9.483699798583984375e-01,-8.047319650650024414e-01,-4.855995178222656250e-01
-2.456589341163635254e-01,-7.856579422950744629e-01,-5.211015939712524414e-01,-1.134957671165466309e+00,-2.708687484264373779e-01,-6.190248131752014160e-01,-1.237061023712158203e-01,-5.141493082046508789e-01,1.216598749160766602e-01,-1.244517862796783447e-01,1.791394650936126709e-01,-1.877406239509582520e-01,3.674260377883911133e-01,1.839078813791275024e-01,2.607075273990631104e-01,3.633325695991516113e-01,3.264871239662170410e-01,4.304834008216857910e-01,2.005694210529327393e-01,6.697908043861389160e-01,1.386573016643524170e-01,3.506175577640533447e-01,2.758917212486267090e-01,4.492084980010986328e-01,2.214120030403137207e-01,3.177246749401092529e-01,1.779107451438903809e-01,1.852825880050659180e-01,6.660091876983642578e-02,5.639225244522094727e-02,-3.135611414909362793e-01,4.993680119514465332e-02,-5.185939073562622070e-01,-5.083534121513366699e-01,-6.198019981384277344e-01,-6.340759992599487305e-01,-8.181180953979492188e-01,-8.394813537597656250e-01,-1.001597642898559570e+00,-7.275114059448242188e-01,-1.203064918518066406e+00,-8.318294882774353027e-01,-1.232893228530883789e+00,-8.065212368965148926e-01,-1.114976525306701660e+00,-1.196857571601867676e+00,-6.843866109848022461e-01,-9.696081876754760742e-01,-6.069274544715881348e-01,-8.549997806549072266e-01,-4.373787343502044678e-01,-9.427478909492492676e-01,-3.244818747043609619e-01,-4.771546125411987305e-01,-2.466567158699035645e-01,-6.419606208801269531e-01,7.286489009857177734e-03,-3.678124845027923584e-01,2.191812396049499512e-01,-3.311152160167694092e-01,4.111549854278564453e-01,6.724894046783447266e-05,4.264671206474304199e-01,1.293283849954605103e-01,5.276390314102172852e-01,6.413241624832153320e-01,6.410756707191467285e-01,7.533151507377624512e-01,8.471732139587402344e-01,8.089179992675781250e-01,9.501551389694213867e-01,1.137924909591674805e+00,9.778285622596740723e-01,1.048852443695068359e+00,1.013813495635986328e+00,1.037299275398254395e+00,9.459664821624755859e-01,9.675852060317993164e-01,7.042931914329528809e-01,8.715822696685791016e-01,5.174318552017211914e-01,6.215335130691528320e-01,3.681248426437377930e-01,4.164937138557434082e-01,1.405607461929321289e-01,1.004504561424255371e-01,-1.141271516680717468e-01,-1.444475054740905762e-01,-3.773244023323059082e-01,-3.098293542861938477e-01,-6.879555583000183105e-01,-4.552290439605712891e-01,-8.806641697883605957e-01,-6.001877784729003906e-01,-9.737004041671752930e-01,-5.072315335273742676e-01,-7.655737996101379395e-01,-4.924509823322296143e-01,-4.572474360466003418e-01,-1.857921630144119263e-01
-4.450591802597045898e-01,-2.757190763950347900e-01,-8.424276113510131836e-02,-3.561169505119323730e-01,2.614101171493530273e-01,1.331218481063842773e-01,3.389410376548767090e-01,2.883034050464630127e-01,6.429786682128906250e-01,4.828311204910278320e-01,8.643801808357238770e-01,5.747969150543212891e-01,8.151711821556091309e-01,8.116632699966430664e-01,5.231256484985351562e-01,9.658511281013488770e-01,5.257462859153747559e-01,5.250680446624755859e-01,6.853296756744384766e-01,2.264074236154556274e-01,3.673062324523925781e-01,-1.241932343691587448e-02,8.309152722358703613e-02,-2.565629482269287109e-01,-2.209102511405944824e-01,-5.577262043952941895e-01,-3.956587314605712891e-01,-1.228824973106384277e+00,-6.075493097305297852e-01,-1.246442794799804688e+00,-9.671700596809387207e-01,-1.016979932785034180e+00,-1.281498670578002930e+00,-1.316724896430969238e+00,-1.018903732299804688e+00,-1.936042070388793945e+00,-3.184254765510559082e-01,-1.379449129104614258e+00,-4.622493684291839600e-01,-1.077773690223693848e+00,-4.141645431518554688e-01,-4.470857977867126465e-01,-1.422975510358810425e-01,-6.056082248687744141e-01,3.100436925888061523e-01,-1.882609277963638306e-01,3.254585266113281250e-01,-1.350664049386978149e-01,5.261097550392150879e-01,1.495439708232879639e-01,4.916847944259643555e-01,4.897246062755584717e-01,4.191742837429046631e-01,6.749004721641540527e-01,4.268461465835571289e-01,6.027197837829589844e-01,5.650777816772460938e-01,6.181359291076660156e-01,5.249921679496765137e-01,9.000980854034423828e-01,5.188698768615722656e-01,8.194206953048706055e-01,5.166041851043701172e-01,9.063848257064819336e-01,5.686295628547668457e-01,7.892129421234130859e-01,5.245991349220275879e-01,8.117567300796508789e-01,4.597065746784210205e-01,7.807561159133911133e-01,2.960841655731201172e-01,8.244694471359252930e-01,2.963061034679412842e-01,7.431651353836059570e-01,5.247160196304321289e-01,7.838668823242187500e-01,5.636769533157348633e-01,6.730940937995910645e-01,3.861978054046630859e-01,7.632420063018798828e-01,3.231849074363708496e-01,4.795463681221008301e-01,4.287487864494323730e-01,2.233439981937408447e-01,3.311709165573120117e-01,-4.166915267705917358e-02,1.108942925930023193e-01,-1.807862967252731323e-01,-1.323618590831756592e-01,-2.119818329811096191e-01,-3.410010337829589844e-01,-3.050369918346405029e-01,-3.636833429336547852e-01,-1.948005259037017822e-01,-2.077320665121078491e-01,-3.408610224723815918e-01,2.582836151123046875e-02,-8.318212628364562988e-02,1.598939001560211182e-01,2.187270224094390869e-01
-9.162105321884155273e-01,-1.087573170661926270e+00,-8.994804620742797852e-01,-1.381889820098876953e+00,-7.542546391487121582e-01,-9.602086544036865234e-01,-9.091814756393432617e-01,-6.396077275276184082e-01,-7.192268371582031250e-01,-5.111476778984069824e-01,-4.630961716175079346e-01,-4.415329992771148682e-01,-3.640161752700805664e-01,-4.136945605278015137e-01,-3.084981441497802734e-01,-2.284343242645263672e-01,-1.279373317956924438e-01,-3.157390654087066650e-02,-8.835693448781967163e-02,9.263560175895690918e-02,9.620896726846694946e-02,2.152819633483886719e-01,1.688418388366699219e-01,2.483811080455780029e-01,2.384532541036605835e-01,1.253756284713745117e-01,2.831511497497558594e-01,-5.576500296592712402e-02,1.062381863594055176e-01,2.803650498390197754e-02,-3.159496784210205078e-01,3.075319230556488037e-01,-1.967345178127288818e-01,9.856051206588745117e-02,3.390789330005645752e-01,-2.221874594688415527e-01,5.550263524055480957e-01,2.263382673263549805e-01,4.282870888710021973e-01,3.796127140522003174e-01,4.738252460956573486e-01,5.364175438880920410e-01,3.737740516662597656e-01,7.060384154319763184e-01,3.053270578384399414e-01,3.822729587554931641e-01,3.525708615779876709e-01,1.992151588201522827e-01,1.943604201078414917e-01,-6.054291874170303345e-02,5.095912143588066101e-02,-4.636321067810058594e-01,-2.065392434597015381e-01,-6.543815135955810547e-01,-6.684921979904174805e-01,-8.481458425521850586e-01,-9.113665819168090820e-01,-1.070433497428894043e+00,-1.130717754364013672e+00,-1.180026173591613770e+00,-1.199052095413208008e+00,-1.226007223129272461e+00,-1.119402050971984863e+00,-1.269858717918395996e+00,-1.015002608299255371e+00,-1.026645421981811523e+00,-9.127864241600036621e-01,-8.666477799415588379e-01,-5.352507829666137695e-01,-7.277836799621582031e-01,-1.469456553459167480e-01,-4.858756959438323975e-01,-1.241506934165954590e-01,-1.279844194650650024e-01,-4.979309439659118652e-02,1.134458631277084351e-01,1.756505370140075684e-01,2.165783345699310303e-01,2.628143429756164551e-01,3.244555592536926270e-01,2.049835771322250366e-01,3.189966678619384766e-01,2.635620236396789551e-01,2.554661035537719727e-01,2.341766655445098877e-01,1.689438819885253906e-01,1.643247604370117188e-01,3.889258205890655518e-02,4.933039844036102295e-02,3.924384713172912598e-03,1.296637952327728271e-02,-5.075812339782714844e-02,-5.276091396808624268e-02,6.127311289310455322e-02,-1.566451191902160645e-01,1.466990113258361816e-01,-1.060632765293121338e-01,1.591774225234985352e-01,1.512311846017837524e-01,2.658891081809997559e-01
7.940804958343505859e-02,6.128417849540710449e-01,5.715096592903137207e-01,7.262850403785705566e-01,6.839224696159362793e-01,7.253371477127075195e-01,9.063398838043212891e-01,7.243139147758483887e-01,1.082359790802001953e+00,9.098974466323852539e-01,1.102811217308044434e+00,9.986930489540100098e-01,1.026049256324768066e+00,8.881136178970336914e-01,8.128762245178222656e-01,7.060755491256713867e-01,6.360327005386352539e-01,4.795174598693847656e-01,4.539338946342468262e-01,5.090736597776412964e-02,1.437900364398956299e-01,-1.773299723863601685e-01,-2.376449704170227051e-01,-3.416376411914825439e-01,-5.775175094604492188e-01,-7.440647482872009277e-01,-6.513034701347351074e-01,-1.127178668975830078e+00,-8.720690608024597168e-01,-1.112132787704467773e+00,-1.082813978195190430e+00,-7.763988375663757324e-01,-1.129933595657348633e+00,-7.799723744392395020e-01,-5.962233543395996094e-01,-1.093691587448120117e+00,3.253784775733947754e-02,-6.282337903976440430e-01,-7.646948099136352539e-02,3.717482835054397583e-02,-1.058819890022277832e-01,2.326917052268981934e-01,2.723420858383178711e-01,2.375158667564392090e-01,5.534348487854003906e-01,5.433964729309082031e-01,4.098317623138427734e-01,4.470369219779968262e-01,5.545992851257324219e-01,3.167732059955596924e-01,5.776622295379638672e-01,3.297368884086608887e-01,2.947126030921936035e-01,3.089460730552673340e-01,-3.400174975395202637e-01,4.236571192741394043e-01,-4.494067132472991943e-01,-9.834419935941696167e-02,-4.268921613693237305e-01,-1.367513537406921387e-01,-4.582648873329162598e-01,-2.690275609493255615e-01,-5.800784826278686523e-01,-3.841322660446166992e-02,-4.721863269805908203e-01,-9.490881115198135376e-02,-5.959987267851829529e-02,-1.620918512344360352e-01,2.673888206481933594e-01,1.861722171306610107e-01,2.121651768684387207e-01,5.741267204284667969e-01,3.605443835258483887e-01,6.687264442443847656e-01,6.100879907608032227e-01,9.464101791381835938e-01,6.757128238677978516e-01,7.553351521492004395e-01,6.158981919288635254e-01,6.985936164855957031e-01,3.475605249404907227e-01,5.123177766799926758e-01,3.070151507854461670e-01,1.783492267131805420e-01,1.919239163398742676e-01,-9.867437183856964111e-04,-5.265072360634803772e-02,-1.677065938711166382e-01,-2.617629468441009521e-01,-3.091787695884704590e-01,-2.526950538158416748e-01,-5.557617545127868652e-01,-3.067280352115631104e-01,-4.178215265274047852e-01,-3.306890726089477539e-01,-4.935779571533203125e-01,-3.027836084365844727e-01,-3.308960795402526855e-01,-2.843779623508453369e-01,-1.800951361656188965e-01
-3.064021170139312744e-01,-5.296273827552795410e-01,-4.804257750511169434e-01,-6.706975102424621582e-01,-3.004125058650970459e-01,-5.977854132652282715e-01,-1.280688941478729248e-01,-8.086416721343994141e-01,-9.529511630535125732e-02,-3.149571120738983154e-01,-2.386894822120666504e-01,-2.090527564287185669e-01,-1.274724304676055908e-01,-1.723117530345916748e-01,-1.306674033403396606e-01,-7.731169462203979492e-03,-2.055420577526092529e-01,-9.514156728982925415e-02,-2.239516973495483398e-01,-9.199101477861404419e-02,-2.229589670896530151e-01,-1.976051330566406250e-01,-2.653081119060516357e-01,-2.085811644792556763e-01,-3.577222228050231934e-01,-2.982466220855712891e-01,-5.249813795089721680e-01,-2.177515923976898193e-01,-6.440382003784179688e-01,-4.011051654815673828e-01,-7.664356827735900879e-01,-2.413412928581237793e-01,-7.397136092185974121e-01,-3.753470778465270996e-01,-4.825692474842071533e-01,-3.048367798328399658e-01,-3.919128775596618652e-01,-3.225257098674774170e-01,-2.868904471397399902e-01,-4.475318640470504761e-02,-1.955417171120643616e-02,1.009829640388488770e-01,4.983805716037750244e-01,-2.055444419384002686e-01,9.320461750030517578e-01,2.502028942108154297e-01,7.014473676681518555e-01,2.670486867427825928e-01,9.150173664093017578e-01,2.668597698211669922e-01,8.539105653762817383e-01,3.423954546451568604e-02,7.572518587112426758e-01,4.425476491451263428e-02,2.978435754776000977e-01,9.411916136741638184e-03,1.752777993679046631e-01,5.038294941186904907e-02,1.089363694190979004e-01,-2.548263072967529297e-01,2.181099057197570801e-01,-1.580685973167419434e-01,2.042045742273330688e-01,-3.813091516494750977e-01,3.822523057460784912e-01,-1.135638803243637085e-01,3.275401592254638672e-01,5.643413960933685303e-02,4.703891277313232422e-01,1.826279014348983765e-01,5.099369287490844727e-01,3.279768824577331543e-01,6.253880858421325684e-01,5.621764659881591797e-01,6.607360839843750000e-01,5.327299833297729492e-01,6.693258881568908691e-01,5.648044347763061523e-01,5.242043733596801758e-01,5.452494621276855469e-01,3.252509534358978271e-01,2.945169210433959961e-01,3.262012600898742676e-01,3.268688917160034180e-03,1.117413491010665894e-01,-1.340157389640808105e-01,-1.963036060333251953e-01,-3.688680827617645264e-01,-3.881945013999938965e-01,-4.761620163917541504e-01,-5.263016223907470703e-01,-5.715388059616088867e-01,-6.795264482498168945e-01,-4.981846213340759277e-01,-7.470985651016235352e-01,-4.936666786670684814e-01,-5.846397876739501953e-01,-4.020025730133056641e-01,-3.451555371284484863e-01,-1.567528992891311646e-01
8.553463220596313477e-02,5.790152549743652344e-01,4.918389618396759033e-01,7.295032143592834473e-01,5.056980848312377930e-01,6.677711009979248047e-01,5.173136591911315918e-01,7.922375202178955078e-01,6.933560967445373535e-01,8.161301016807556152e-01,8.225321769714355469e-01,7.623115181922912598e-01,7.788088321685791016e-01,6.992846131324768066e-01,5.733420252799987793e-01,5.897459983825683594e-01,4.036070108413696289e-01,2.254869341850280762e-01,1.990573406219482422e-01,-9.574730694293975830e-02,-2.098769843578338623e-01,-3.876290023326873779e-01,-7.121397256851196289e-01,-4.852436184883117676e-01,-1.069170475006103516e+00,-8.968842029571533203e-01,-1.165284633636474609e+00,-1.082391142845153809e+00,-1.295032382011413574e+00,-1.226727366447448730e+00,-1.327332973480224609e+00,-9.666435718536376953e-01,-1.188058972358703613e+00,-1.070443868637084961e+00,-6.050040721893310547e-01,-1.292767047882080078e+00,-1.275032311677932739e-01,-6.780438423156738281e-01,-2.463563233613967896e-01,-3.728058636188507080e-01,3.226242959499359131e-03,1.354600638151168823e-01,2.628699541091918945e-01,1.925259232521057129e-01,5.959037542343139648e-01,3.911888599395751953e-01,5.657262802124023438e-01,3.860189616680145264e-01,6.202203035354614258e-01,2.688896059989929199e-01,5.147219896316528320e-01,3.976154923439025879e-01,2.029899954795837402e-01,2.301847189664840698e-01,-5.579265207052230835e-02,2.242954447865486145e-02,-1.222393587231636047e-01,-1.947543025016784668e-01,-3.614517450332641602e-01,-1.998710334300994873e-01,-4.533179700374603271e-01,-3.008074760437011719e-01,-3.229457437992095947e-01,-5.660253167152404785e-01,-8.243781328201293945e-02,-3.578819632530212402e-01,-1.595873236656188965e-01,7.905151695013046265e-02,-6.791138648986816406e-02,1.821971684694290161e-01,1.574756652116775513e-01,3.013937473297119141e-01,4.036804437637329102e-01,4.960651397705078125e-01,5.588175058364868164e-01,6.771199703216552734e-01,6.195709109306335449e-01,6.898646354675292969e-01,5.806801319122314453e-01,7.190521359443664551e-01,4.207571446895599365e-01,5.107010602951049805e-01,4.736507534980773926e-01,1.679327487945556641e-01,3.879669308662414551e-01,-7.009184360504150391e-02,2.848958969116210938e-02,-2.070391178131103516e-01,-2.972375750541687012e-01,-3.702694773674011230e-01,-4.757184684276580811e-01,-6.057147979736328125e-01,-6.068310141563415527e-01,-5.774370431900024414e-01,-5.957511663436889648e-01,-7.010766863822937012e-01,-5.880067944526672363e-01,-5.435333251953125000e-01,-5.448547601699829102e-01,-3.399888873100280762e-01
-1.348085880279541016e+00,-1.546107530593872070e+00,-1.424654960632324219e+00,-1.467271089553833008e+00,-9.441209435462951660e-01,-1.063169121742248535e+00,-8.034291863441467285e-01,-8.983368873596191406e-01,-3.567465543746948242e-01,-5.744583606719970703e-01,-1.348080933094024658e-01,-2.002106755971908569e-01,1.338834315538406372e-01,1.256980150938034058e-01,2.176939696073532104e-01,2.499668002128601074e-01,3.977510929107666016e-01,3.552758097648620605e-01,5.154724121093750000e-01,2.329629063606262207e-01,4.637721776962280273e-01,3.019702434539794922e-01,1.736511588096618652e-01,4.283305704593658447e-01,-4.578721523284912109e-02,2.449953556060791016e-02,-1.656090170145034790e-01,1.621759235858917236e-01,-3.219811916351318359e-01,-2.211525738239288330e-01,-1.855263411998748779e-01,-2.675651907920837402e-01,-3.846884965896606445e-01,-6.317363679409027100e-02,-3.116984069347381592e-01,-2.069277018308639526e-01,-4.490584135055541992e-03,-7.451179623603820801e-02,2.334076613187789917e-01,3.622357845306396484e-01,3.041027188301086426e-01,5.120396614074707031e-01,4.683560431003570557e-01,5.481621026992797852e-01,6.325805187225341797e-01,5.866382718086242676e-01,5.853928923606872559e-01,5.707803368568420410e-01,5.889274477958679199e-01,5.139329433441162109e-01,6.075393557548522949e-01,3.855041265487670898e-01,5.065113306045532227e-01,3.224498033523559570e-01,3.392309248447418213e-01,2.888026535511016846e-01,2.030925452709197998e-01,2.082013487815856934e-01,9.822396934032440186e-02,1.192459911108016968e-01,5.915282666683197021e-02,8.891361951828002930e-02,1.847543567419052124e-02,-7.934428751468658447e-02,1.259738802909851074e-01,-2.054180353879928589e-01,1.906818300485610962e-01,-1.580827087163925171e-01,1.380089819431304932e-01,-8.984453976154327393e-02,6.493489444255828857e-02,-1.423295587301254272e-01,8.982747793197631836e-02,6.282174587249755859e-02,-1.124888285994529724e-01,2.276630699634552002e-01,-1.753315031528472900e-01,-6.664633750915527344e-03,-1.180580258369445801e-01,-4.038757085800170898e-02,-2.668269872665405273e-01,-2.810712754726409912e-01,-3.080362081527709961e-01,-3.550992906093597412e-01,-3.725233376026153564e-01,-5.072457194328308105e-01,-5.533785820007324219e-01,-6.286613941192626953e-01,-6.817427277565002441e-01,-6.916567683219909668e-01,-8.366602659225463867e-01,-6.725191473960876465e-01,-8.106780052185058594e-01,-6.146119236946105957e-01,-7.226848602294921875e-01,-4.328168034553527832e-01,-4.799100458621978760e-01,-2.610275447368621826e-01,-1.779735088348388672e-01,4.826826974749565125e-02
-1.576316237449645996e+00,-1.829496622085571289e+00,-1.798921346664428711e+00,-1.817542314529418945e+00,-1.464577078819274902e+00,-1.271752476692199707e+00,-1.677364826202392578e+00,-6.852653622627258301e-01,-1.164483785629272461e+00,-8.251863718032836914e-01,-2.944490909576416016e-01,-2.570102512836456299e-01,1.062650382518768311e-01,1.178863793611526489e-01,3.091620802879333496e-01,3.537678122520446777e-01,5.244965553283691406e-01,5.487655997276306152e-01,5.587514042854309082e-01,6.485153436660766602e-01,5.483624935150146484e-01,4.567719697952270508e-01,6.007993221282958984e-01,1.740738004446029663e-01,5.162546634674072266e-01,1.470541954040527344e-01,4.211943149566650391e-01,-1.550526916980743408e-01,5.089270472526550293e-01,7.629632949829101562e-03,4.321987032890319824e-01,-2.292607426643371582e-01,5.350810289382934570e-01,8.058178424835205078e-02,5.494954586029052734e-01,-1.641170978546142578e-01,6.369849443435668945e-01,2.562860250473022461e-01,5.437072515487670898e-01,5.135887861251831055e-01,7.875249385833740234e-01,6.869550347328186035e-01,1.056382536888122559e+00,5.318470597267150879e-01,1.252828955650329590e+00,7.781101465225219727e-01,8.634152412414550781e-01,6.726442575454711914e-01,7.632273435592651367e-01,2.201609015464782715e-01,7.835261225700378418e-01,-4.235117137432098389e-01,4.190915226936340332e-01,-4.631997346878051758e-01,-6.160092353820800781e-01,-3.360934555530548096e-01,-1.001791119575500488e+00,-7.973752021789550781e-01,-1.225217223167419434e+00,-8.678894639015197754e-01,-1.375894546508789062e+00,-1.169865846633911133e+00,-1.320518016815185547e+00,-1.161651492118835449e+00,-1.366938591003417969e+00,-8.844343423843383789e-01,-1.297979116439819336e+00,-5.078418254852294922e-01,-8.938234448432922363e-01,-5.431950092315673828e-01,-1.954254657030105591e-01,-1.117752343416213989e-01,1.835667341947555542e-01,2.081321477890014648e-01,3.891867399215698242e-01,4.660579264163970947e-01,6.098423004150390625e-01,7.278474569320678711e-01,6.376966834068298340e-01,7.349547147750854492e-01,5.073283910751342773e-01,5.321692228317260742e-01,4.475644230842590332e-01,4.113148450851440430e-01,2.637579441070556641e-01,1.490587592124938965e-01,1.043743789196014404e-01,-9.447941184043884277e-02,-1.081311106681823730e-01,-2.460686862468719482e-01,-1.830036044120788574e-01,-5.976780652999877930e-01,-2.850340008735656738e-01,-4.997211098670959473e-01,-3.973453938961029053e-01,-4.799268245697021484e-01,-4.705857634544372559e-01,-3.470844924449920654e-01,-4.526154398918151855e-01,-2.780027091503143311e-01
4.941382259130477905e-02,-4.050812870264053345e-02,1.277772337198257446e-01,-4.155480265617370605e-01,-8.982697129249572754e-02,-2.816941738128662109e-01,-2.786290645599365234e-01,-2.783154547214508057e-01,-5.845978856086730957e-02,-8.935039490461349487e-02,2.435420453548431396e-02,-2.391244471073150635e-02,-4.006390273571014404e-02,-7.746570557355880737e-02,-5.001805722713470459e-02,-1.034407019615173340e-01,-6.175050139427185059e-02,-1.404907703399658203e-01,-1.569240987300872803e-01,-3.072546124458312988e-01,-2.141842544078826904e-01,-3.426565229892730713e-01,-3.544222414493560791e-01,-4.032211601734161377e-01,-4.645228385925292969e-01,-6.678583621978759766e-01,-5.745620727539062500e-01,-6.374552845954895020e-01,-7.817965745925903320e-01,-7.122876048088073730e-01,-6.979756355285644531e-01,-7.214053273200988770e-01,-5.928291082382202148e-01,-5.162667632102966309e-01,-2.377293109893798828e-01,-8.286867141723632812e-01,1.718827337026596069e-01,-4.674833714962005615e-01,-7.338143885135650635e-02,8.055596798658370972e-02,2.344854176044464111e-02,3.212165236473083496e-01,3.597736656665802002e-01,4.760148227214813232e-01,4.983389079570770264e-01,6.278606653213500977e-01,5.303585529327392578e-01,3.528013825416564941e-01,7.074623703956604004e-01,8.302298188209533691e-02,5.729359388351440430e-01,1.544491797685623169e-01,1.400018781423568726e-01,-4.505525529384613037e-02,-2.493922710418701172e-01,-1.328925788402557373e-01,-4.663463234901428223e-01,-3.435025215148925781e-01,-5.763137340545654297e-01,-6.021422743797302246e-01,-4.969727396965026855e-01,-6.621615886688232422e-01,-4.925820827484130859e-01,-6.424424052238464355e-01,-3.214815855026245117e-01,-4.348320364952087402e-01,-1.268242746591567993e-01,-3.614838123321533203e-01,2.206305861473083496e-01,-1.643337309360504150e-02,9.142758697271347046e-02,4.637365937232971191e-01,1.895658969879150391e-01,6.624751687049865723e-01,4.278739392757415771e-01,8.431806564331054688e-01,5.434909462928771973e-01,8.730106353759765625e-01,6.748225688934326172e-01,8.580701947212219238e-01,5.392186045646667480e-01,4.254693686962127686e-01,4.876850843429565430e-01,3.301653861999511719e-01,2.107422202825546265e-01,1.547583192586898804e-01,-1.101443246006965637e-01,-9.825876355171203613e-02,-2.565082609653472900e-01,-2.831631004810333252e-01,-2.936275899410247803e-01,-6.164854764938354492e-01,-4.394469261169433594e-01,-5.002912878990173340e-01,-4.129888713359832764e-01,-6.514098048210144043e-01,-3.078757524490356445e-01,-4.562985897064208984e-01,-3.243612051010131836e-01,-2.393945157527923584e-01
1.175691604614257812e+00,1.421063542366027832e+00,1.593593001365661621e+00,1.240835070610046387e+00,1.532814145088195801e+00,1.291622638702392578e+00,1.432718276977539062e+00,1.205838680267333984e+00,1.415360212326049805e+00,1.241850495338439941e+00,1.299052357673645020e+00,1.025107383728027344e+00,1.106978416442871094e+00,9.218397736549377441e-01,7.550265789031982422e-01,5.918253660202026367e-01,5.251410603523254395e-01,2.226164788007736206e-01,1.806891411542892456e-01,-2.814669162034988403e-03,-2.244493365287780762e-01,-2.793943285942077637e-01,-5.780847072601318359e-01,-6.057233214378356934e-01,-8.688217401504516602e-01,-1.078705072402954102e+00,-1.096031427383422852e+00,-1.463459968566894531e+00,-1.299722552299499512e+00,-1.605650424957275391e+00,-1.494013547897338867e+00,-1.727652549743652344e+00,-1.758766651153564453e+00,-1.830165147781372070e+00,-1.858571767807006836e+00,-1.809618234634399414e+00,-1.658907175064086914e+00,-1.718762397766113281e+00,-1.310246944427490234e+00,-1.878622531890869141e+00,-7.695598006248474121e-01,-1.099446296691894531e+00,-8.620907664299011230e-01,-5.813449621200561523e-01,-6.404871940612792969e-01,-4.105707406997680664e-01,-2.763452529907226562e-01,-1.581657826900482178e-01,-7.699182629585266113e-02,6.642520427703857422e-03,1.169329360127449036e-01,1.156210750341415405e-01,2.958686947822570801e-01,3.322454392910003662e-01,3.798241615295410156e-01,5.092483758926391602e-01,5.453649759292602539e-01,6.894214749336242676e-01,6.623947620391845703e-01,6.502231359481811523e-01,8.570376634597778320e-01,6.983393430709838867e-01,9.419046640396118164e-01,8.859659433364868164e-01,1.037941455841064453e+00,1.045773506164550781e+00,1.017455339431762695e+00,1.139672398567199707e+00,1.080790877342224121e+00,1.166193962097167969e+00,1.180255413055419922e+00,1.090084195137023926e+00,1.259818553924560547e+00,1.143445134162902832e+00,1.228231906890869141e+00,1.050359010696411133e+00,1.067099094390869141e+00,9.362339973449707031e-01,6.269505023956298828e-01,9.733674526214599609e-01,3.788436651229858398e-01,5.259888768196105957e-01,3.471716642379760742e-01,2.426539212465286255e-01,6.036219745874404907e-02,-8.886753767728805542e-02,-2.430135309696197510e-01,-4.183683693408966064e-01,-4.667417407035827637e-01,-6.684485673904418945e-01,-7.538862228393554688e-01,-8.264774680137634277e-01,-9.989191293716430664e-01,-7.606287598609924316e-01,-1.025229692459106445e+00,-8.580152988433837891e-01,-8.316764831542968750e-01,-7.517092227935791016e-01,-6.547559499740600586e-01,-3.911629617214202881e-01
-1.328907012939453125e+00,-1.531742572784423828e+00,-1.510557532310485840e+00,-1.533384561538696289e+00,-1.161289930343627930e+00,-1.178013682365417480e+00,-1.126920700073242188e+00,-6.569489240646362305e-01,-6.927783489227294922e-01,-5.330925583839416504e-01,-2.255629152059555054e-01,-1.990607380867004395e-01,1.739579588174819946e-01,1.942300498485565186e-01,2.387647330760955811e-01,3.485333919525146484e-01,2.822420597076416016e-01,2.712226808071136475e-01,2.971551418304443359e-01,3.283783793449401855e-01,7.790610939264297485e-02,-2.408319711685180664e-02,-1.427450031042098999e-01,4.997631907463073730e-02,-4.910178184509277344e-01,-1.790528446435928345e-01,-7.335431575775146484e-01,-2.151767611503601074e-01,-7.602896094322204590e-01,-7.949419021606445312e-01,-5.557911396026611328e-01,-6.987555623054504395e-01,-6.681209206581115723e-01,-6.452134847640991211e-01,-5.710381269454956055e-01,-6.547250747680664062e-01,-3.080008029937744141e-01,-2.475481331348419189e-01,-2.555558681488037109e-01,1.250222921371459961e-01,-3.292930424213409424e-01,2.805197238922119141e-01,-1.419641971588134766e-01,3.974998295307159424e-01,1.104932725429534912e-01,7.313150167465209961e-02,6.332042813301086426e-01,3.281993865966796875e-01,6.139899492263793945e-01,6.112995147705078125e-01,7.183187603950500488e-01,6.098388433456420898e-01,7.472102046012878418e-01,8.122458457946777344e-01,7.129213809967041016e-01,7.916970252990722656e-01,7.562674283981323242e-01,7.183598279953002930e-01,8.395749926567077637e-01,7.136731743812561035e-01,7.159257531166076660e-01,7.750695943832397461e-01,6.366062164306640625e-01,5.688841342926025391e-01,6.455669403076171875e-01,4.249075353145599365e-01,5.320836901664733887e-01,3.951774835586547852e-01,3.388674855232238770e-01,1.817701160907745361e-01,1.261544674634933472e-01,1.086106896400451660e-02,-4.892754554748535156e-02,-2.344071865081787109e-03,-3.493782877922058105e-01,-2.205238342285156250e-01,-5.335649251937866211e-01,-6.187670230865478516e-01,-7.797926664352416992e-01,-4.341339468955993652e-01,-8.411027789115905762e-01,-8.065948486328125000e-01,-6.638020277023315430e-01,-1.318802595138549805e+00,-7.689923644065856934e-01,-1.198140382766723633e+00,-1.059515357017517090e+00,-1.074120283126831055e+00,-1.044538974761962891e+00,-1.153310894966125488e+00,-1.099695563316345215e+00,-9.050469398498535156e-01,-9.906980395317077637e-01,-8.124850988388061523e-01,-8.541573286056518555e-01,-6.514415740966796875e-01,-6.096464395523071289e-01,-3.866112232208251953e-01,-3.382827639579772949e-01,-5.164608359336853027e-02
2.871581614017486572e-01,7.452362775802612305e-01,4.538441300392150879e-01,8.559356331825256348e-01,4.146668314933776855e-01,6.879485845565795898e-01,5.174947381019592285e-01,8.471822738647460938e-01,6.851938366889953613e-01,8.422302007675170898e-01,8.079025745391845703e-01,9.088670611381530762e-01,7.448396086692810059e-01,6.757888793945312500e-01,6.663339138031005859e-01,5.312997102737426758e-01,4.414772987365722656e-01,2.919256091117858887e-01,2.528200745582580566e-01,-1.158896237611770630e-01,-7.676064968109130859e-03,-2.852161824703216553e-01,-3.218767046928405762e-01,-4.192520380020141602e-01,-5.562384724617004395e-01,-6.001288294792175293e-01,-5.253918170928955078e-01,-7.998251318931579590e-01,-5.268053412437438965e-01,-6.788573265075683594e-01,-5.144423246383666992e-01,-6.563349366188049316e-01,-3.178364634513854980e-01,-3.558849990367889404e-01,-3.557288646697998047e-02,-2.873429954051971436e-01,2.662871479988098145e-01,1.394881457090377808e-01,3.357506394386291504e-01,3.467212021350860596e-01,4.772884845733642578e-01,6.473411321640014648e-01,6.248217821121215820e-01,6.897269487380981445e-01,8.945103883743286133e-01,6.718577146530151367e-01,9.090018272399902344e-01,6.294693946838378906e-01,8.813406825065612793e-01,5.762000083923339844e-01,6.148806214332580566e-01,3.992044627666473389e-01,3.220131695270538330e-01,1.079255566000938416e-01,-1.907187998294830322e-01,5.096118524670600891e-02,-5.076091885566711426e-01,-3.112121820449829102e-01,-6.541238427162170410e-01,-4.505653083324432373e-01,-7.340552806854248047e-01,-6.386961936950683594e-01,-1.001271009445190430e+00,-6.301760673522949219e-01,-1.004917740821838379e+00,-8.349906206130981445e-01,-1.070989966392517090e+00,-7.183270454406738281e-01,-9.906337857246398926e-01,-8.556557893753051758e-01,-7.829070091247558594e-01,-6.379929780960083008e-01,-7.232213616371154785e-01,-5.225656628608703613e-01,-4.827947616577148438e-01,-3.113390803337097168e-01,-2.940391600131988525e-01,-2.169640511274337769e-01,-2.339874804019927979e-01,-2.298944741487503052e-01,-2.182504683732986450e-01,-2.158881127834320068e-01,-1.491117477416992188e-01,-1.512745022773742676e-01,-6.260280311107635498e-02,-1.884508877992630005e-01,-1.244194209575653076e-01,-2.457287758588790894e-01,-2.491177171468734741e-01,-2.738207578659057617e-01,-3.751578330993652344e-01,-2.507198750972747803e-01,-2.852810919284820557e-01,-2.295510470867156982e-01,-1.232172027230262756e-01,-1.454195827245712280e-01,-5.021338164806365967e-02,7.308210432529449463e-02,6.166300177574157715e-02,1.902399063110351562e-01
-6.947786808013916016e-01,-7.042819857597351074e-01,-5.586727261543273926e-01,-9.347791075706481934e-01,-3.103656172752380371e-01,-6.053898930549621582e-01,-2.288738489151000977e-01,-1.731820255517959595e-01,-2.569022774696350098e-02,2.808064222335815430e-03,2.223850041627883911e-01,3.151094913482666016e-02,5.306936502456665039e-01,2.325537353754043579e-01,5.377336144447326660e-01,2.720412611961364746e-01,4.962770640850067139e-01,2.750123739242553711e-01,4.233810305595397949e-01,1.372509300708770752e-01,2.288670837879180908e-01,-1.220502480864524841e-01,-5.470997467637062073e-02,-2.466138303279876709e-01,-4.114151597023010254e-01,-4.450550973415374756e-01,-5.572757720947265625e-01,-6.495467424392700195e-01,-7.602860331535339355e-01,-5.832604169845581055e-01,-1.108916878700256348e+00,-3.136623501777648926e-01,-1.106449604034423828e+00,-5.137110948562622070e-01,-7.033891081809997559e-01,-1.743001639842987061e-01,-4.904780387878417969e-01,-7.166151702404022217e-02,-3.225973248481750488e-01,3.322352766990661621e-01,-1.126190423965454102e-01,4.898288846015930176e-01,1.181606277823448181e-01,8.026889562606811523e-01,3.522266745567321777e-01,6.710680127143859863e-01,4.000395834445953369e-01,7.464294433593750000e-01,4.196068644523620605e-01,5.095111727714538574e-01,5.504249334335327148e-01,2.859263718128204346e-01,4.387614130973815918e-01,1.867097318172454834e-01,5.661458894610404968e-02,3.780154511332511902e-02,-5.585348606109619141e-02,-1.174372807145118713e-01,-4.612725675106048584e-01,-9.257532656192779541e-03,-5.889137387275695801e-01,-2.220135629177093506e-01,-4.433768391609191895e-01,-3.929745554924011230e-01,-2.740190923213958740e-01,-3.278607726097106934e-01,-1.973266601562500000e-01,-6.421293318271636963e-02,-3.673874586820602417e-02,-2.577832713723182678e-02,-1.990702152252197266e-01,5.139888525009155273e-01,-9.482264518737792969e-02,4.839618802070617676e-01,3.278607428073883057e-01,3.469230234622955322e-01,5.380948781967163086e-01,4.778064489364624023e-01,5.264626741409301758e-01,4.485297501087188721e-01,3.354707956314086914e-01,1.452250331640243530e-01,1.406663060188293457e-01,1.593080461025238037e-01,-3.009044006466865540e-02,-1.411785185337066650e-01,-8.509367704391479492e-02,-5.441197156906127930e-01,-3.328322768211364746e-01,-4.554954469203948975e-01,-4.352792501449584961e-01,-9.846547842025756836e-01,-3.362227380275726318e-01,-6.521192193031311035e-01,-3.775343298912048340e-01,-4.837512671947479248e-01,-3.216278254985809326e-01,-3.659068048000335693e-01,-2.604027986526489258e-01,-1.289382576942443848e-01
-7.750158905982971191e-01,-6.760090589523315430e-01,-8.758720755577087402e-01,-7.048295736312866211e-01,-9.930742979049682617e-01,-8.052592873573303223e-01,-1.004157781600952148e+00,-6.300516128540039062e-01,-8.983552455902099609e-01,-5.314915776252746582e-01,-8.148692250251770020e-01,-2.990822196006774902e-01,-6.718068122863769531e-01,-4.026500582695007324e-01,-3.160753846168518066e-01,-4.929477870464324951e-01,-2.213153243064880371e-01,-4.143394827842712402e-01,-3.031861186027526855e-01,-3.929021954536437988e-01,-2.345369756221771240e-01,-3.396676778793334961e-01,-4.669876098632812500e-01,-9.388871490955352783e-02,-4.585813879966735840e-01,-3.489148318767547607e-01,-2.642298638820648193e-01,-5.317315459251403809e-01,-3.385487496852874756e-01,-2.196096926927566528e-01,-5.238263607025146484e-01,-3.295195102691650391e-02,-3.598543107509613037e-01,1.420003771781921387e-01,-1.060473620891571045e-01,4.093776643276214600e-01,1.141958236694335938e-01,2.931070029735565186e-01,5.387427210807800293e-01,7.609173059463500977e-01,6.102996468544006348e-01,9.132273197174072266e-01,8.064603209495544434e-01,8.110738396644592285e-01,9.278627634048461914e-01,8.628902435302734375e-01,7.829338312149047852e-01,8.033413887023925781e-01,7.121410965919494629e-01,4.727446436882019043e-01,5.418550372123718262e-01,3.300683200359344482e-01,1.421789228916168213e-01,4.887595027685165405e-02,-1.901022195816040039e-01,-2.231539487838745117e-01,-4.109474420547485352e-01,-5.339320898056030273e-01,-6.397285461425781250e-01,-7.344301342964172363e-01,-7.309988141059875488e-01,-8.905765414237976074e-01,-8.626283407211303711e-01,-1.009839534759521484e+00,-8.176509737968444824e-01,-1.041758775711059570e+00,-8.787797689437866211e-01,-1.075855255126953125e+00,-8.396994471549987793e-01,-1.013575315475463867e+00,-8.275035619735717773e-01,-7.688567638397216797e-01,-7.145568132400512695e-01,-7.121251821517944336e-01,-3.067556321620941162e-01,-6.809594631195068359e-01,-1.824287474155426025e-01,-2.760794460773468018e-01,-3.067386150360107422e-01,-1.965854316949844360e-01,-1.718750745058059692e-01,-1.233336329460144043e-01,2.792814932763576508e-02,2.504508942365646362e-02,6.950318813323974609e-02,-2.371259033679962158e-03,-4.127523303031921387e-02,6.865670531988143921e-02,-5.240332707762718201e-02,4.305487498641014099e-02,8.798623457551002502e-03,-9.736172854900360107e-03,6.430940330028533936e-02,9.351167827844619751e-02,1.821368783712387085e-01,9.492278099060058594e-02,2.790417671203613281e-01,2.698606848716735840e-01,3.632391095161437988e-01,3.644237816333770752e-01
-1.174956798553466797e+00,-1.198365807533264160e+00,-1.129191875457763672e+00,-9.538285732269287109e-01,-6.906309127807617188e-01,-6.544282436370849609e-01,-4.200105667114257812e-01,-5.556314587593078613e-01,-5.516532808542251587e-03,-1.600038856267929077e-01,1.901926100254058838e-01,8.916667103767395020e-02,3.990770280361175537e-01,3.800168931484222412e-01,3.509033620357513428e-01,6.083681583404541016e-01,5.124867558479309082e-01,5.104000568389892578e-01,6.894243955612182617e-01,4.436093866825103760e-01,6.312270760536193848e-01,4.800929129123687744e-01,5.397869348526000977e-01,3.184046447277069092e-01,4.913767874240875244e-01,3.223760724067687988e-01,3.526557385921478271e-01,2.442491352558135986e-01,2.661388516426086426e-01,1.653874814510345459e-01,2.935587465763092041e-01,-9.441156685352325439e-02,3.424139618873596191e-01,-1.018436346203088760e-02,3.812418878078460693e-01,-4.337086081504821777e-01,5.010128617286682129e-01,-4.738812148571014404e-02,2.825344204902648926e-01,1.621748208999633789e-01,2.297115176916122437e-01,3.423399329185485840e-01,2.604616582393646240e-01,2.075794190168380737e-01,3.206023275852203369e-01,-1.209814101457595825e-02,2.139248549938201904e-01,-1.248608082532882690e-01,1.929849386215209961e-03,-2.450610995292663574e-01,-8.307749032974243164e-02,-3.981249630451202393e-01,-3.067322373390197754e-01,-4.291588664054870605e-01,-4.421092271804809570e-01,-6.650805473327636719e-01,-4.189218580722808838e-01,-6.806803941726684570e-01,-4.354154169559478760e-01,-7.341886758804321289e-01,-3.468034565448760986e-01,-5.630788803100585938e-01,-2.209631651639938354e-01,-7.415254116058349609e-01,8.788490295410156250e-02,-2.794909179210662842e-01,1.181491166353225708e-01,5.244400352239608765e-02,2.986710369586944580e-01,2.085129767656326294e-01,3.859779834747314453e-01,4.903346598148345947e-01,4.985975027084350586e-01,5.932116508483886719e-01,5.409199595451354980e-01,7.555404901504516602e-01,5.347744822502136230e-01,7.327352762222290039e-01,5.341943502426147461e-01,6.298277974128723145e-01,3.913314938545227051e-01,4.404277801513671875e-01,3.688599169254302979e-01,2.553171217441558838e-01,2.167134433984756470e-01,-1.233223080635070801e-02,-3.664404153823852539e-03,-2.297929227352142334e-01,-2.081864774227142334e-01,-3.371458947658538818e-01,-2.625181078910827637e-01,-6.309322118759155273e-01,-4.516383409500122070e-01,-3.982694745063781738e-01,-7.231690883636474609e-01,-3.915776312351226807e-01,-6.342018842697143555e-01,-3.598216176033020020e-01,-2.792639136314392090e-01,-8.395131677389144897e-02
1.929806470870971680e-01,7.764441967010498047e-01,3.490863740444183350e-01,9.586364626884460449e-01,4.887366890907287598e-01,8.210037350654602051e-01,9.466452002525329590e-01,1.033044695854187012e+00,1.101689577102661133e+00,1.096778392791748047e+00,1.087157011032104492e+00,1.300785779953002930e+00,9.772448539733886719e-01,9.123317003250122070e-01,9.122711420059204102e-01,5.340062975883483887e-01,4.816196858882904053e-01,2.081049233675003052e-01,-2.295206114649772644e-02,-1.936279982328414917e-01,-4.141657054424285889e-01,-6.614291667938232422e-01,-7.436767220497131348e-01,-9.896721839904785156e-01,-1.236803770065307617e+00,-1.383617877960205078e+00,-1.539463877677917480e+00,-1.513623952865600586e+00,-1.677620053291320801e+00,-1.745959043502807617e+00,-1.615538597106933594e+00,-1.702538609504699707e+00,-1.601687431335449219e+00,-1.596044898033142090e+00,-1.401721954345703125e+00,-1.507729768753051758e+00,-9.629534482955932617e-01,-1.069471001625061035e+00,-7.416964769363403320e-01,-6.864672303199768066e-01,-4.924008250236511230e-01,-2.425338625907897949e-01,-8.601534366607666016e-02,-1.818500012159347534e-01,3.812789916992187500e-01,1.228313446044921875e-01,4.978826642036437988e-01,3.122181296348571777e-01,7.124082446098327637e-01,5.902996063232421875e-01,8.203811049461364746e-01,7.471830844879150391e-01,8.082141876220703125e-01,9.342294931411743164e-01,7.825670242309570312e-01,9.925459027290344238e-01,8.270906209945678711e-01,8.866945505142211914e-01,8.676950335502624512e-01,9.185973405838012695e-01,8.000771999359130859e-01,9.269638061523437500e-01,7.317080497741699219e-01,8.637195825576782227e-01,6.734149456024169922e-01,8.176172971725463867e-01,5.090342164039611816e-01,7.566893100738525391e-01,3.427868783473968506e-01,4.539897441864013672e-01,1.985423266887664795e-01,4.409049451351165771e-01,3.488674759864807129e-02,1.157370507717132568e-01,-1.901919543743133545e-01,-8.891463279724121094e-02,-4.130910038948059082e-01,-5.813418030738830566e-01,-9.073127508163452148e-01,-4.183353781700134277e-01,-1.088492870330810547e+00,-7.545021176338195801e-01,-1.081186771392822266e+00,-1.107161283493041992e+00,-1.163263559341430664e+00,-1.317281842231750488e+00,-1.294173955917358398e+00,-1.155916690826416016e+00,-1.366477489471435547e+00,-1.202563047409057617e+00,-1.343037247657775879e+00,-1.081131935119628906e+00,-1.075801253318786621e+00,-9.791144728660583496e-01,-8.912458419799804688e-01,-7.018002271652221680e-01,-5.808979868888854980e-01,-3.965956866741180420e-01,-3.271235823631286621e-01,-3.336778283119201660e-02
-1.000697165727615356e-01,-1.743759214878082275e-01,-7.734759151935577393e-02,-2.439672350883483887e-01,6.754244863986968994e-02,2.054894864559173584e-01,2.512007951736450195e-03,5.916119813919067383e-01,2.943109571933746338e-01,4.967740178108215332e-01,8.323122262954711914e-01,6.322950720787048340e-01,9.269908666610717773e-01,7.247481346130371094e-01,8.459258079528808594e-01,8.597001433372497559e-01,7.870754599571228027e-01,7.200976610183715820e-01,5.786525607109069824e-01,5.031661987304687500e-01,3.290181159973144531e-01,1.037962734699249268e-01,-2.871738374233245850e-02,-1.070992946624755859e-01,-5.045946836471557617e-01,-3.352960348129272461e-01,-7.652849555015563965e-01,-4.645819365978240967e-01,-9.213656187057495117e-01,-1.098009705543518066e+00,-8.513072729110717773e-01,-1.212762355804443359e+00,-1.243586063385009766e+00,-1.354853630065917969e+00,-1.431065320968627930e+00,-1.447212457656860352e+00,-1.299026608467102051e+00,-1.377342462539672852e+00,-1.119615912437438965e+00,-1.379752635955810547e+00,-8.681036829948425293e-01,-8.194180727005004883e-01,-7.448869943618774414e-01,-6.398928165435791016e-01,-5.071529150009155273e-01,-4.209955930709838867e-01,-2.371819764375686646e-01,-3.068879842758178711e-01,6.761699914932250977e-02,-1.377715468406677246e-01,3.597365617752075195e-01,2.184957265853881836e-03,4.234933555126190186e-01,2.279314100742340088e-01,3.154727518558502197e-01,2.611962258815765381e-01,4.072934389114379883e-01,2.067238986492156982e-01,5.009385347366333008e-01,2.004337906837463379e-01,3.568105697631835938e-01,4.320001304149627686e-01,1.108047068119049072e-01,5.662820339202880859e-01,2.343704700469970703e-01,5.004378557205200195e-01,6.789705753326416016e-01,2.621628940105438232e-01,8.295421600341796875e-01,4.084939956665039062e-01,5.715364813804626465e-01,5.686390995979309082e-01,5.429983735084533691e-01,5.561135411262512207e-01,4.907896816730499268e-01,6.679137945175170898e-01,4.025090634822845459e-01,5.869676470756530762e-01,3.553027510643005371e-01,2.889474630355834961e-01,3.148092031478881836e-01,1.730268597602844238e-01,2.041537910699844360e-01,1.241552829742431641e-01,3.725150600075721741e-02,-8.014674484729766846e-02,-1.059026047587394714e-01,-2.490174472332000732e-01,-2.474883794784545898e-01,-3.969138264656066895e-01,-4.408748447895050049e-01,-4.231395721435546875e-01,-5.346843600273132324e-01,-2.978279590606689453e-01,-4.989615380764007568e-01,-3.096730113029479980e-01,-3.094860911369323730e-01,-1.887039244174957275e-01,-6.825669109821319580e-02,1.092413961887359619e-01
-8.004657030105590820e-01,-8.016105890274047852e-01,-6.896251440048217773e-01,-9.860280752182006836e-01,-5.261645913124084473e-01,-6.810083389282226562e-01,-5.937003493309020996e-01,-4.066247045993804932e-01,-2.332577109336853027e-01,-2.120261192321777344e-01,1.024988293647766113e-02,1.597170531749725342e-02,7.688163965940475464e-02,7.298620790243148804e-02,6.133940815925598145e-02,8.958704024553298950e-02,8.299814909696578979e-02,9.179470688104629517e-02,6.002986431121826172e-02,7.367697358131408691e-02,3.187403082847595215e-02,1.442544162273406982e-02,1.024575531482696533e-01,-6.151244044303894043e-02,1.160176992416381836e-01,1.541227102279663086e-02,1.394573450088500977e-01,4.771977663040161133e-03,2.198668271303176880e-01,1.125765591859817505e-01,3.491793274879455566e-01,-5.409046635031700134e-02,6.480485796928405762e-01,2.771027684211730957e-01,7.236772179603576660e-01,2.924845814704895020e-01,8.341647982597351074e-01,6.092379093170166016e-01,8.477079272270202637e-01,8.926141262054443359e-01,8.899726867675781250e-01,1.191463232040405273e+00,9.631600379943847656e-01,1.083108544349670410e+00,1.102544546127319336e+00,7.578686475753784180e-01,1.180185794830322266e+00,5.289262533187866211e-01,1.031418919563293457e+00,3.829305768013000488e-01,6.890112161636352539e-01,3.649649322032928467e-01,2.022726833820343018e-01,1.132929474115371704e-01,-1.114616021513938904e-01,-5.111325383186340332e-01,-2.305605560541152954e-01,-6.384930610656738281e-01,-5.841143727302551270e-01,-7.019536495208740234e-01,-7.276801466941833496e-01,-7.831332683563232422e-01,-9.635607600212097168e-01,-8.340097069740295410e-01,-9.605498909950256348e-01,-7.703949213027954102e-01,-1.116377949714660645e+00,-5.558473467826843262e-01,-1.012984037399291992e+00,-5.985587239265441895e-01,-6.306443214416503906e-01,-2.437341213226318359e-01,-4.470852315425872803e-01,-1.652925759553909302e-01,-1.636135727167129517e-01,2.060482203960418701e-01,2.155287563800811768e-02,1.613738238811492920e-01,9.258893132209777832e-02,1.854659020900726318e-01,1.821193099021911621e-02,7.394026219844818115e-02,7.176648825407028198e-02,-7.325332611799240112e-02,7.821777462959289551e-02,-1.526927053928375244e-01,1.211084425449371338e-03,-2.965534031391143799e-01,-1.401505321264266968e-01,-2.047241181135177612e-01,-1.933957338333129883e-01,-3.452460467815399170e-01,-1.090379506349563599e-01,-1.611639261245727539e-01,-6.439079344272613525e-02,6.251871585845947266e-03,3.037749230861663818e-02,1.580162495374679565e-01,2.166040539741516113e-01,2.979438006877899170e-01
-1.178569316864013672e+00,-1.019190430641174316e+00,-1.345443367958068848e+00,-9.547487497329711914e-01,-1.146212458610534668e+00,-1.041324973106384277e+00,-9.119321107864379883e-01,-4.890931248664855957e-01,-7.656422853469848633e-01,-4.330301284790039062e-01,-4.944838881492614746e-01,-2.664280831813812256e-01,-3.157216310501098633e-01,-2.061156928539276123e-01,-1.662175804376602173e-01,-1.061372533440589905e-01,3.707525134086608887e-02,4.404583573341369629e-02,7.377795130014419556e-02,9.951882064342498779e-02,1.511458605527877808e-01,1.157859712839126587e-01,1.093981266021728516e-01,1.654309332370758057e-01,6.350279599428176880e-02,1.485010683536529541e-01,-6.482638418674468994e-03,7.139507681131362915e-02,-5.254556238651275635e-02,1.942083239555358887e-03,-9.874103963375091553e-02,-3.954673558473587036e-02,-2.659986168146133423e-02,6.671570241451263428e-03,6.327808648347854614e-02,-4.277103766798973083e-02,1.020677015185356140e-01,3.690369427204132080e-02,1.038906499743461609e-01,5.600425973534584045e-02,1.933036744594573975e-01,2.333382070064544678e-01,3.312689065933227539e-01,8.267837017774581909e-02,4.409410059452056885e-01,1.752604246139526367e-01,7.916805148124694824e-02,4.570336937904357910e-01,8.789055049419403076e-03,-9.992808103561401367e-03,2.758515477180480957e-01,-4.080343544483184814e-01,8.373931981623172760e-03,-3.489326536655426025e-01,-4.057978093624114990e-01,-4.619083404541015625e-01,-3.738790750503540039e-01,-5.458272099494934082e-01,-3.759914040565490723e-01,-6.248374581336975098e-01,-3.806214332580566406e-01,-5.936622619628906250e-01,-4.331873655319213867e-01,-7.028006911277770996e-01,-2.874490618705749512e-01,-5.456209778785705566e-01,-3.009547889232635498e-01,-4.628189504146575928e-01,-2.055104970932006836e-01,-3.027744293212890625e-01,-2.165686935186386108e-01,-9.723857045173645020e-02,-1.771116703748703003e-01,1.255909800529479980e-01,2.488948404788970947e-02,2.265211790800094604e-01,2.593730092048645020e-01,2.393603324890136719e-01,2.881530225276947021e-01,5.143188238143920898e-01,2.914792299270629883e-01,5.649874806404113770e-01,3.160471916198730469e-01,5.493702888488769531e-01,2.826626896858215332e-01,4.141089022159576416e-01,1.667659431695938110e-01,4.117712378501892090e-01,6.782875210046768188e-02,1.654469519853591919e-01,1.031135618686676025e-01,1.202163845300674438e-01,4.405149817466735840e-02,1.976187527179718018e-01,-1.663142442703247070e-02,1.826345771551132202e-01,7.569683343172073364e-02,2.545322477817535400e-01,2.731208503246307373e-01,3.295984864234924316e-01
